filename,file_size,file_attributes,region_count,region_id,region_shape_attributes,region_attributes
PXL_20240501_204638346.jpg,2959396,"{}",243,0,"{""name"":""circle"",""cx"":1176,""cy"":724,""r"":54}","{""Class Label"":""0""}"
PXL_20240501_204638346.jpg,2959396,"{}",243,1,"{""name"":""circle"",""cx"":1310,""cy"":758,""r"":53}","{""Class Label"":""0""}"
PXL_20240501_204638346.jpg,2959396,"{}",243,2,"{""name"":""circle"",""cx"":1451,""cy"":775,""r"":53}","{""Class Label"":""0""}"
PXL_20240501_204638346.jpg,2959396,"{}",243,3,"{""name"":""circle"",""cx"":1530,""cy"":667,""r"":51}","{""Class Label"":""0""}"
PXL_20240501_204638346.jpg,2959396,"{}",243,4,"{""name"":""circle"",""cx"":1385,""cy"":650,""r"":51}","{""Class Label"":""0""}"
PXL_20240501_204638346.jpg,2959396,"{}",243,5,"{""name"":""circle"",""cx"":1591,""cy"":801,""r"":52}","{""Class Label"":""0""}"
PXL_20240501_204638346.jpg,2959396,"{}",243,6,"{""name"":""circle"",""cx"":1662,""cy"":688,""r"":48}","{""Class Label"":""0""}"
PXL_20240501_204638346.jpg,2959396,"{}",243,7,"{""name"":""circle"",""cx"":1741,""cy"":804,""r"":51}","{""Class Label"":""0""}"
PXL_20240501_204638346.jpg,2959396,"{}",243,8,"{""name"":""circle"",""cx"":1494,""cy"":902,""r"":56}","{""Class Label"":""0""}"
PXL_20240501_204638346.jpg,2959396,"{}",243,9,"{""name"":""circle"",""cx"":1360,""cy"":886,""r"":53}","{""Class Label"":""0""}"
PXL_20240501_204638346.jpg,2959396,"{}",243,10,"{""name"":""circle"",""cx"":1204,""cy"":854,""r"":49}","{""Class Label"":""0""}"
PXL_20240501_204638346.jpg,2959396,"{}",243,11,"{""name"":""circle"",""cx"":1054,""cy"":786,""r"":55}","{""Class Label"":""0""}"
PXL_20240501_204638346.jpg,2959396,"{}",243,12,"{""name"":""circle"",""cx"":963,""cy"":898,""r"":54}","{""Class Label"":""0""}"
PXL_20240501_204638346.jpg,2959396,"{}",243,13,"{""name"":""circle"",""cx"":1105,""cy"":938,""r"":51}","{""Class Label"":""0""}"
PXL_20240501_204638346.jpg,2959396,"{}",243,14,"{""name"":""circle"",""cx"":1256,""cy"":986,""r"":56}","{""Class Label"":""0""}"
PXL_20240501_204638346.jpg,2959396,"{}",243,15,"{""name"":""circle"",""cx"":1420,""cy"":1018,""r"":53}","{""Class Label"":""0""}"
PXL_20240501_204638346.jpg,2959396,"{}",243,16,"{""name"":""circle"",""cx"":1662,""cy"":910,""r"":53}","{""Class Label"":""0""}"
PXL_20240501_204638346.jpg,2959396,"{}",243,17,"{""name"":""circle"",""cx"":1569,""cy"":1013,""r"":51}","{""Class Label"":""0""}"
PXL_20240501_204638346.jpg,2959396,"{}",243,18,"{""name"":""circle"",""cx"":1741,""cy"":1019,""r"":49}","{""Class Label"":""0""}"
PXL_20240501_204638346.jpg,2959396,"{}",243,19,"{""name"":""circle"",""cx"":1879,""cy"":797,""r"":52}","{""Class Label"":""0""}"
PXL_20240501_204638346.jpg,2959396,"{}",243,20,"{""name"":""circle"",""cx"":1828,""cy"":915,""r"":51}","{""Class Label"":""0""}"
PXL_20240501_204638346.jpg,2959396,"{}",243,21,"{""name"":""circle"",""cx"":2005,""cy"":811,""r"":50}","{""Class Label"":""0""}"
PXL_20240501_204638346.jpg,2959396,"{}",243,22,"{""name"":""circle"",""cx"":1957,""cy"":924,""r"":51}","{""Class Label"":""0""}"
PXL_20240501_204638346.jpg,2959396,"{}",243,23,"{""name"":""circle"",""cx"":2089,""cy"":971,""r"":50}","{""Class Label"":""0""}"
PXL_20240501_204638346.jpg,2959396,"{}",243,24,"{""name"":""circle"",""cx"":1870,""cy"":1049,""r"":53}","{""Class Label"":""0""}"
PXL_20240501_204638346.jpg,2959396,"{}",243,25,"{""name"":""circle"",""cx"":1993,""cy"":1049,""r"":50}","{""Class Label"":""0""}"
PXL_20240501_204638346.jpg,2959396,"{}",243,26,"{""name"":""circle"",""cx"":2207,""cy"":1020,""r"":51}","{""Class Label"":""0""}"
PXL_20240501_204638346.jpg,2959396,"{}",243,27,"{""name"":""circle"",""cx"":2109,""cy"":1107,""r"":52}","{""Class Label"":""0""}"
PXL_20240501_204638346.jpg,2959396,"{}",243,28,"{""name"":""circle"",""cx"":2239,""cy"":1155,""r"":51}","{""Class Label"":""0""}"
PXL_20240501_204638346.jpg,2959396,"{}",243,29,"{""name"":""circle"",""cx"":2369,""cy"":1148,""r"":50}","{""Class Label"":""0""}"
PXL_20240501_204638346.jpg,2959396,"{}",243,30,"{""name"":""circle"",""cx"":1960,""cy"":1168,""r"":53}","{""Class Label"":""0""}"
PXL_20240501_204638346.jpg,2959396,"{}",243,31,"{""name"":""circle"",""cx"":1787,""cy"":1147,""r"":50}","{""Class Label"":""0""}"
PXL_20240501_204638346.jpg,2959396,"{}",243,32,"{""name"":""circle"",""cx"":1654,""cy"":1116,""r"":53}","{""Class Label"":""0""}"
PXL_20240501_204638346.jpg,2959396,"{}",243,33,"{""name"":""circle"",""cx"":1525,""cy"":1133,""r"":51}","{""Class Label"":""0""}"
PXL_20240501_204638346.jpg,2959396,"{}",243,34,"{""name"":""circle"",""cx"":1403,""cy"":1158,""r"":55.935}","{""Class Label"":""0""}"
PXL_20240501_204638346.jpg,2959396,"{}",243,35,"{""name"":""circle"",""cx"":1275,""cy"":1121,""r"":51}","{""Class Label"":""0""}"
PXL_20240501_204638346.jpg,2959396,"{}",243,36,"{""name"":""circle"",""cx"":1138,""cy"":1074,""r"":52}","{""Class Label"":""0""}"
PXL_20240501_204638346.jpg,2959396,"{}",243,37,"{""name"":""circle"",""cx"":1004,""cy"":1033,""r"":53}","{""Class Label"":""0""}"
PXL_20240501_204638346.jpg,2959396,"{}",243,38,"{""name"":""circle"",""cx"":880,""cy"":1089,""r"":54.663}","{""Class Label"":""0""}"
PXL_20240501_204638346.jpg,2959396,"{}",243,39,"{""name"":""circle"",""cx"":1026,""cy"":1177,""r"":54}","{""Class Label"":""0""}"
PXL_20240501_204638346.jpg,2959396,"{}",243,40,"{""name"":""circle"",""cx"":1176,""cy"":1211,""r"":52}","{""Class Label"":""0""}"
PXL_20240501_204638346.jpg,2959396,"{}",243,41,"{""name"":""circle"",""cx"":838,""cy"":1230,""r"":58}","{""Class Label"":""0""}"
PXL_20240501_204638346.jpg,2959396,"{}",243,42,"{""name"":""circle"",""cx"":1307,""cy"":1249,""r"":49}","{""Class Label"":""0""}"
PXL_20240501_204638346.jpg,2959396,"{}",243,43,"{""name"":""circle"",""cx"":1431,""cy"":1283,""r"":46}","{""Class Label"":""0""}"
PXL_20240501_204638346.jpg,2959396,"{}",243,44,"{""name"":""circle"",""cx"":1562,""cy"":1261,""r"":51}","{""Class Label"":""0""}"
PXL_20240501_204638346.jpg,2959396,"{}",243,45,"{""name"":""circle"",""cx"":1691,""cy"":1239,""r"":50}","{""Class Label"":""0""}"
PXL_20240501_204638346.jpg,2959396,"{}",243,46,"{""name"":""circle"",""cx"":1854,""cy"":1255,""r"":51}","{""Class Label"":""0""}"
PXL_20240501_204638346.jpg,2959396,"{}",243,47,"{""name"":""circle"",""cx"":2099,""cy"":1223,""r"":55}","{""Class Label"":""0""}"
PXL_20240501_204638346.jpg,2959396,"{}",243,48,"{""name"":""circle"",""cx"":1981,""cy"":1297,""r"":51}","{""Class Label"":""0""}"
PXL_20240501_204638346.jpg,2959396,"{}",243,49,"{""name"":""circle"",""cx"":2217,""cy"":1284,""r"":53}","{""Class Label"":""0""}"
PXL_20240501_204638346.jpg,2959396,"{}",243,50,"{""name"":""circle"",""cx"":2355,""cy"":1274,""r"":53}","{""Class Label"":""0""}"
PXL_20240501_204638346.jpg,2959396,"{}",243,51,"{""name"":""circle"",""cx"":2481,""cy"":1319,""r"":48}","{""Class Label"":""0""}"
PXL_20240501_204638346.jpg,2959396,"{}",243,52,"{""name"":""circle"",""cx"":2109,""cy"":1350,""r"":51}","{""Class Label"":""0""}"
PXL_20240501_204638346.jpg,2959396,"{}",243,53,"{""name"":""circle"",""cx"":2292,""cy"":1390,""r"":49}","{""Class Label"":""0""}"
PXL_20240501_204638346.jpg,2959396,"{}",243,54,"{""name"":""circle"",""cx"":957,""cy"":1300,""r"":50}","{""Class Label"":""0""}"
PXL_20240501_204638346.jpg,2959396,"{}",243,55,"{""name"":""circle"",""cx"":1087,""cy"":1316,""r"":51}","{""Class Label"":""0""}"
PXL_20240501_204638346.jpg,2959396,"{}",243,56,"{""name"":""circle"",""cx"":1222,""cy"":1350,""r"":51}","{""Class Label"":""0""}"
PXL_20240501_204638346.jpg,2959396,"{}",243,57,"{""name"":""circle"",""cx"":1638,""cy"":1360,""r"":48}","{""Class Label"":""0""}"
PXL_20240501_204638346.jpg,2959396,"{}",243,58,"{""name"":""circle"",""cx"":1507,""cy"":1385,""r"":49}","{""Class Label"":""0""}"
PXL_20240501_204638346.jpg,2959396,"{}",243,59,"{""name"":""circle"",""cx"":1597,""cy"":1483,""r"":48}","{""Class Label"":""0""}"
PXL_20240501_204638346.jpg,2959396,"{}",243,60,"{""name"":""circle"",""cx"":1729,""cy"":1454,""r"":50}","{""Class Label"":""0""}"
PXL_20240501_204638346.jpg,2959396,"{}",243,61,"{""name"":""circle"",""cx"":1871,""cy"":1401,""r"":51}","{""Class Label"":""0""}"
PXL_20240501_204638346.jpg,2959396,"{}",243,62,"{""name"":""circle"",""cx"":1758,""cy"":1331,""r"":52}","{""Class Label"":""0""}"
PXL_20240501_204638346.jpg,2959396,"{}",243,63,"{""name"":""circle"",""cx"":1367,""cy"":1403,""r"":51}","{""Class Label"":""0""}"
PXL_20240501_204638346.jpg,2959396,"{}",243,64,"{""name"":""circle"",""cx"":1248,""cy"":1482,""r"":51}","{""Class Label"":""0""}"
PXL_20240501_204638346.jpg,2959396,"{}",243,65,"{""name"":""circle"",""cx"":1468,""cy"":1506,""r"":50}","{""Class Label"":""0""}"
PXL_20240501_204638346.jpg,2959396,"{}",243,66,"{""name"":""circle"",""cx"":1347,""cy"":1539,""r"":49}","{""Class Label"":""0""}"
PXL_20240501_204638346.jpg,2959396,"{}",243,67,"{""name"":""circle"",""cx"":1551,""cy"":1607,""r"":49}","{""Class Label"":""0""}"
PXL_20240501_204638346.jpg,2959396,"{}",243,68,"{""name"":""circle"",""cx"":1688,""cy"":1579,""r"":50}","{""Class Label"":""0""}"
PXL_20240501_204638346.jpg,2959396,"{}",243,69,"{""name"":""circle"",""cx"":1819,""cy"":1543,""r"":54}","{""Class Label"":""0""}"
PXL_20240501_204638346.jpg,2959396,"{}",243,70,"{""name"":""circle"",""cx"":1949,""cy"":1533,""r"":50}","{""Class Label"":""0""}"
PXL_20240501_204638346.jpg,2959396,"{}",243,71,"{""name"":""circle"",""cx"":2001,""cy"":1416,""r"":46}","{""Class Label"":""0""}"
PXL_20240501_204638346.jpg,2959396,"{}",243,72,"{""name"":""circle"",""cx"":2072,""cy"":1515,""r"":49}","{""Class Label"":""0""}"
PXL_20240501_204638346.jpg,2959396,"{}",243,73,"{""name"":""circle"",""cx"":2187,""cy"":1460,""r"":48}","{""Class Label"":""0""}"
PXL_20240501_204638346.jpg,2959396,"{}",243,74,"{""name"":""circle"",""cx"":2413,""cy"":1426,""r"":51}","{""Class Label"":""0""}"
PXL_20240501_204638346.jpg,2959396,"{}",243,75,"{""name"":""circle"",""cx"":2548,""cy"":1476,""r"":52}","{""Class Label"":""0""}"
PXL_20240501_204638346.jpg,2959396,"{}",243,76,"{""name"":""circle"",""cx"":2302,""cy"":1539,""r"":50}","{""Class Label"":""0""}"
PXL_20240501_204638346.jpg,2959396,"{}",243,77,"{""name"":""circle"",""cx"":2435,""cy"":1545,""r"":50}","{""Class Label"":""0""}"
PXL_20240501_204638346.jpg,2959396,"{}",243,78,"{""name"":""circle"",""cx"":2629,""cy"":1579,""r"":51}","{""Class Label"":""0""}"
PXL_20240501_204638346.jpg,2959396,"{}",243,79,"{""name"":""circle"",""cx"":2177,""cy"":1599,""r"":48}","{""Class Label"":""0""}"
PXL_20240501_204638346.jpg,2959396,"{}",243,80,"{""name"":""circle"",""cx"":2042,""cy"":1636,""r"":53}","{""Class Label"":""0""}"
PXL_20240501_204638346.jpg,2959396,"{}",243,81,"{""name"":""circle"",""cx"":1777,""cy"":1668,""r"":49}","{""Class Label"":""0""}"
PXL_20240501_204638346.jpg,2959396,"{}",243,82,"{""name"":""circle"",""cx"":1908,""cy"":1654,""r"":50}","{""Class Label"":""0""}"
PXL_20240501_204638346.jpg,2959396,"{}",243,83,"{""name"":""circle"",""cx"":1636,""cy"":1694,""r"":48}","{""Class Label"":""0""}"
PXL_20240501_204638346.jpg,2959396,"{}",243,84,"{""name"":""circle"",""cx"":1420,""cy"":1634,""r"":53}","{""Class Label"":""0""}"
PXL_20240501_204638346.jpg,2959396,"{}",243,85,"{""name"":""circle"",""cx"":1284,""cy"":1650,""r"":51}","{""Class Label"":""0""}"
PXL_20240501_204638346.jpg,2959396,"{}",243,86,"{""name"":""circle"",""cx"":1161,""cy"":1571,""r"":50}","{""Class Label"":""0""}"
PXL_20240501_204638346.jpg,2959396,"{}",243,87,"{""name"":""circle"",""cx"":1117,""cy"":1452,""r"":53}","{""Class Label"":""0""}"
PXL_20240501_204638346.jpg,2959396,"{}",243,88,"{""name"":""circle"",""cx"":985,""cy"":1428,""r"":53}","{""Class Label"":""0""}"
PXL_20240501_204638346.jpg,2959396,"{}",243,89,"{""name"":""circle"",""cx"":860,""cy"":1387,""r"":50}","{""Class Label"":""0""}"
PXL_20240501_204638346.jpg,2959396,"{}",243,90,"{""name"":""circle"",""cx"":891,""cy"":1527,""r"":53}","{""Class Label"":""0""}"
PXL_20240501_204638346.jpg,2959396,"{}",243,91,"{""name"":""circle"",""cx"":1028,""cy"":1573,""r"":52}","{""Class Label"":""0""}"
PXL_20240501_204638346.jpg,2959396,"{}",243,92,"{""name"":""circle"",""cx"":846,""cy"":1652,""r"":55}","{""Class Label"":""0""}"
PXL_20240501_204638346.jpg,2959396,"{}",243,93,"{""name"":""circle"",""cx"":983,""cy"":1712,""r"":55}","{""Class Label"":""0""}"
PXL_20240501_204638346.jpg,2959396,"{}",243,94,"{""name"":""circle"",""cx"":1123,""cy"":1688,""r"":56}","{""Class Label"":""0""}"
PXL_20240501_204638346.jpg,2959396,"{}",243,95,"{""name"":""circle"",""cx"":844,""cy"":1793,""r"":57}","{""Class Label"":""0""}"
PXL_20240501_204638346.jpg,2959396,"{}",243,96,"{""name"":""circle"",""cx"":965,""cy"":1860,""r"":53}","{""Class Label"":""0""}"
PXL_20240501_204638346.jpg,2959396,"{}",243,97,"{""name"":""circle"",""cx"":1099,""cy"":1811,""r"":52}","{""Class Label"":""0""}"
PXL_20240501_204638346.jpg,2959396,"{}",243,98,"{""name"":""circle"",""cx"":1236,""cy"":1777,""r"":53}","{""Class Label"":""0""}"
PXL_20240501_204638346.jpg,2959396,"{}",243,99,"{""name"":""circle"",""cx"":1367,""cy"":1757,""r"":49}","{""Class Label"":""0""}"
PXL_20240501_204638346.jpg,2959396,"{}",243,100,"{""name"":""circle"",""cx"":1504,""cy"":1733,""r"":55}","{""Class Label"":""0""}"
PXL_20240501_204638346.jpg,2959396,"{}",243,101,"{""name"":""circle"",""cx"":2512,""cy"":1636,""r"":54}","{""Class Label"":""0""}"
PXL_20240501_204638346.jpg,2959396,"{}",243,102,"{""name"":""circle"",""cx"":2379,""cy"":1664,""r"":53}","{""Class Label"":""0""}"
PXL_20240501_204638346.jpg,2959396,"{}",243,103,"{""name"":""circle"",""cx"":2256,""cy"":1700,""r"":51}","{""Class Label"":""0""}"
PXL_20240501_204638346.jpg,2959396,"{}",243,104,"{""name"":""circle"",""cx"":2126,""cy"":1741,""r"":51}","{""Class Label"":""0""}"
PXL_20240501_204638346.jpg,2959396,"{}",243,105,"{""name"":""circle"",""cx"":1993,""cy"":1755,""r"":53}","{""Class Label"":""0""}"
PXL_20240501_204638346.jpg,2959396,"{}",243,106,"{""name"":""circle"",""cx"":1860,""cy"":1775,""r"":52}","{""Class Label"":""0""}"
PXL_20240501_204638346.jpg,2959396,"{}",243,107,"{""name"":""circle"",""cx"":1720,""cy"":1787,""r"":50}","{""Class Label"":""0""}"
PXL_20240501_204638346.jpg,2959396,"{}",243,108,"{""name"":""circle"",""cx"":1593,""cy"":1821,""r"":50}","{""Class Label"":""0""}"
PXL_20240501_204638346.jpg,2959396,"{}",243,109,"{""name"":""circle"",""cx"":1458,""cy"":1856,""r"":51}","{""Class Label"":""0""}"
PXL_20240501_204638346.jpg,2959396,"{}",243,110,"{""name"":""circle"",""cx"":1329,""cy"":1882,""r"":50}","{""Class Label"":""0""}"
PXL_20240501_204638346.jpg,2959396,"{}",243,111,"{""name"":""circle"",""cx"":1202,""cy"":1900,""r"":51}","{""Class Label"":""0""}"
PXL_20240501_204638346.jpg,2959396,"{}",243,112,"{""name"":""circle"",""cx"":1080,""cy"":1935,""r"":51}","{""Class Label"":""0""}"
PXL_20240501_204638346.jpg,2959396,"{}",243,113,"{""name"":""circle"",""cx"":975,""cy"":2013,""r"":50}","{""Class Label"":""0""}"
PXL_20240501_204638346.jpg,2959396,"{}",243,114,"{""name"":""circle"",""cx"":850,""cy"":1953,""r"":53}","{""Class Label"":""0""}"
PXL_20240501_204638346.jpg,2959396,"{}",243,115,"{""name"":""circle"",""cx"":864,""cy"":2106,""r"":55}","{""Class Label"":""0""}"
PXL_20240501_204638346.jpg,2959396,"{}",243,116,"{""name"":""circle"",""cx"":1139,""cy"":2044,""r"":55}","{""Class Label"":""0""}"
PXL_20240501_204638346.jpg,2959396,"{}",243,117,"{""name"":""circle"",""cx"":1274,""cy"":2011,""r"":53}","{""Class Label"":""0""}"
PXL_20240501_204638346.jpg,2959396,"{}",243,118,"{""name"":""circle"",""cx"":1414,""cy"":1987,""r"":50}","{""Class Label"":""0""}"
PXL_20240501_204638346.jpg,2959396,"{}",243,119,"{""name"":""circle"",""cx"":1545,""cy"":1951,""r"":52}","{""Class Label"":""0""}"
PXL_20240501_204638346.jpg,2959396,"{}",243,120,"{""name"":""circle"",""cx"":1678,""cy"":1914,""r"":49}","{""Class Label"":""0""}"
PXL_20240501_204638346.jpg,2959396,"{}",243,121,"{""name"":""circle"",""cx"":2072,""cy"":1878,""r"":51}","{""Class Label"":""0""}"
PXL_20240501_204638346.jpg,2959396,"{}",243,122,"{""name"":""circle"",""cx"":2205,""cy"":1844,""r"":52}","{""Class Label"":""0""}"
PXL_20240501_204638346.jpg,2959396,"{}",243,123,"{""name"":""circle"",""cx"":2336,""cy"":1795,""r"":49}","{""Class Label"":""0""}"
PXL_20240501_204638346.jpg,2959396,"{}",243,124,"{""name"":""circle"",""cx"":2464,""cy"":1761,""r"":51}","{""Class Label"":""0""}"
PXL_20240501_204638346.jpg,2959396,"{}",243,125,"{""name"":""circle"",""cx"":2595,""cy"":1727,""r"":51}","{""Class Label"":""0""}"
PXL_20240501_204638346.jpg,2959396,"{}",243,126,"{""name"":""circle"",""cx"":2710,""cy"":1688,""r"":50}","{""Class Label"":""0""}"
PXL_20240501_204638346.jpg,2959396,"{}",243,127,"{""name"":""circle"",""cx"":2694,""cy"":1815,""r"":52}","{""Class Label"":""0""}"
PXL_20240501_204638346.jpg,2959396,"{}",243,128,"{""name"":""circle"",""cx"":2559,""cy"":1854,""r"":52}","{""Class Label"":""0""}"
PXL_20240501_204638346.jpg,2959396,"{}",243,129,"{""name"":""circle"",""cx"":2429,""cy"":1886,""r"":50}","{""Class Label"":""0""}"
PXL_20240501_204638346.jpg,2959396,"{}",243,130,"{""name"":""circle"",""cx"":2300,""cy"":1926,""r"":48}","{""Class Label"":""0""}"
PXL_20240501_204638346.jpg,2959396,"{}",243,131,"{""name"":""circle"",""cx"":2643,""cy"":1945,""r"":53}","{""Class Label"":""0""}"
PXL_20240501_204638346.jpg,2959396,"{}",243,132,"{""name"":""circle"",""cx"":2767,""cy"":1989,""r"":51}","{""Class Label"":""0""}"
PXL_20240501_204638346.jpg,2959396,"{}",243,133,"{""name"":""circle"",""cx"":2512,""cy"":1967,""r"":53}","{""Class Label"":""0""}"
PXL_20240501_204638346.jpg,2959396,"{}",243,134,"{""name"":""circle"",""cx"":2387,""cy"":2011,""r"":52}","{""Class Label"":""0""}"
PXL_20240501_204638346.jpg,2959396,"{}",243,135,"{""name"":""circle"",""cx"":2579,""cy"":2062,""r"":50}","{""Class Label"":""0""}"
PXL_20240501_204638346.jpg,2959396,"{}",243,136,"{""name"":""circle"",""cx"":2680,""cy"":2070,""r"":49}","{""Class Label"":""0""}"
PXL_20240501_204638346.jpg,2959396,"{}",243,137,"{""name"":""circle"",""cx"":2591,""cy"":2169,""r"":51}","{""Class Label"":""0""}"
PXL_20240501_204638346.jpg,2959396,"{}",243,138,"{""name"":""circle"",""cx"":2728,""cy"":2177,""r"":50}","{""Class Label"":""0""}"
PXL_20240501_204638346.jpg,2959396,"{}",243,139,"{""name"":""circle"",""cx"":2559,""cy"":2298,""r"":50}","{""Class Label"":""0""}"
PXL_20240501_204638346.jpg,2959396,"{}",243,140,"{""name"":""circle"",""cx"":2682,""cy"":2292,""r"":53}","{""Class Label"":""0""}"
PXL_20240501_204638346.jpg,2959396,"{}",243,141,"{""name"":""circle"",""cx"":2449,""cy"":2353,""r"":50}","{""Class Label"":""0""}"
PXL_20240501_204638346.jpg,2959396,"{}",243,142,"{""name"":""circle"",""cx"":2635,""cy"":2407,""r"":50}","{""Class Label"":""0""}"
PXL_20240501_204638346.jpg,2959396,"{}",243,143,"{""name"":""circle"",""cx"":2526,""cy"":2452,""r"":53}","{""Class Label"":""0""}"
PXL_20240501_204638346.jpg,2959396,"{}",243,144,"{""name"":""circle"",""cx"":2680,""cy"":2528,""r"":50}","{""Class Label"":""0""}"
PXL_20240501_204638346.jpg,2959396,"{}",243,145,"{""name"":""circle"",""cx"":2552,""cy"":2595,""r"":51}","{""Class Label"":""0""}"
PXL_20240501_204638346.jpg,2959396,"{}",243,146,"{""name"":""circle"",""cx"":2425,""cy"":2522,""r"":53}","{""Class Label"":""0""}"
PXL_20240501_204638346.jpg,2959396,"{}",243,147,"{""name"":""circle"",""cx"":2336,""cy"":2423,""r"":49}","{""Class Label"":""0""}"
PXL_20240501_204638346.jpg,2959396,"{}",243,148,"{""name"":""circle"",""cx"":2361,""cy"":2153,""r"":51}","{""Class Label"":""0""}"
PXL_20240501_204638346.jpg,2959396,"{}",243,149,"{""name"":""circle"",""cx"":2266,""cy"":2064,""r"":48}","{""Class Label"":""0""}"
PXL_20240501_204638346.jpg,2959396,"{}",243,150,"{""name"":""circle"",""cx"":2086,""cy"":2017,""r"":52}","{""Class Label"":""0""}"
PXL_20240501_204638346.jpg,2959396,"{}",243,151,"{""name"":""circle"",""cx"":1951,""cy"":2268,""r"":51}","{""Class Label"":""0""}"
PXL_20240501_204638346.jpg,2959396,"{}",243,152,"{""name"":""circle"",""cx"":2134,""cy"":2199,""r"":52}","{""Class Label"":""0""}"
PXL_20240501_204638346.jpg,2959396,"{}",243,153,"{""name"":""circle"",""cx"":2223,""cy"":2338,""r"":50}","{""Class Label"":""0""}"
PXL_20240501_204638346.jpg,2959396,"{}",243,154,"{""name"":""circle"",""cx"":2114,""cy"":2407,""r"":51}","{""Class Label"":""0""}"
PXL_20240501_204638346.jpg,2959396,"{}",243,155,"{""name"":""circle"",""cx"":2213,""cy"":2474,""r"":50}","{""Class Label"":""0""}"
PXL_20240501_204638346.jpg,2959396,"{}",243,156,"{""name"":""circle"",""cx"":2302,""cy"":2561,""r"":47}","{""Class Label"":""0""}"
PXL_20240501_204638346.jpg,2959396,"{}",243,157,"{""name"":""circle"",""cx"":2177,""cy"":1973,""r"":48}","{""Class Label"":""0""}"
PXL_20240501_204638346.jpg,2959396,"{}",243,158,"{""name"":""circle"",""cx"":2237,""cy"":2201,""r"":50}","{""Class Label"":""0""}"
PXL_20240501_204638346.jpg,2959396,"{}",243,159,"{""name"":""circle"",""cx"":2342,""cy"":2280,""r"":50}","{""Class Label"":""0""}"
PXL_20240501_204638346.jpg,2959396,"{}",243,160,"{""name"":""circle"",""cx"":2007,""cy"":2351,""r"":53}","{""Class Label"":""0""}"
PXL_20240501_204638346.jpg,2959396,"{}",243,161,"{""name"":""circle"",""cx"":2233,""cy"":2668,""r"":52}","{""Class Label"":""0""}"
PXL_20240501_204638346.jpg,2959396,"{}",243,162,"{""name"":""circle"",""cx"":2395,""cy"":2651,""r"":51}","{""Class Label"":""0""}"
PXL_20240501_204638346.jpg,2959396,"{}",243,163,"{""name"":""circle"",""cx"":2504,""cy"":2728,""r"":49}","{""Class Label"":""0""}"
PXL_20240501_204638346.jpg,2959396,"{}",243,164,"{""name"":""circle"",""cx"":2445,""cy"":2851,""r"":51}","{""Class Label"":""0""}"
PXL_20240501_204638346.jpg,2959396,"{}",243,165,"{""name"":""circle"",""cx"":2340,""cy"":2760,""r"":52}","{""Class Label"":""0""}"
PXL_20240501_204638346.jpg,2959396,"{}",243,166,"{""name"":""circle"",""cx"":2207,""cy"":2807,""r"":55}","{""Class Label"":""0""}"
PXL_20240501_204638346.jpg,2959396,"{}",243,167,"{""name"":""circle"",""cx"":2310,""cy"":2898,""r"":55}","{""Class Label"":""0""}"
PXL_20240501_204638346.jpg,2959396,"{}",243,168,"{""name"":""circle"",""cx"":2381,""cy"":3011,""r"":50}","{""Class Label"":""0""}"
PXL_20240501_204638346.jpg,2959396,"{}",243,169,"{""name"":""circle"",""cx"":2187,""cy"":2952,""r"":57}","{""Class Label"":""0""}"
PXL_20240501_204638346.jpg,2959396,"{}",243,170,"{""name"":""circle"",""cx"":2074,""cy"":2867,""r"":55}","{""Class Label"":""0""}"
PXL_20240501_204638346.jpg,2959396,"{}",243,171,"{""name"":""circle"",""cx"":2106,""cy"":2712,""r"":52}","{""Class Label"":""0""}"
PXL_20240501_204638346.jpg,2959396,"{}",243,172,"{""name"":""circle"",""cx"":1987,""cy"":2760,""r"":53}","{""Class Label"":""0""}"
PXL_20240501_204638346.jpg,2959396,"{}",243,173,"{""name"":""circle"",""cx"":2126,""cy"":2569,""r"":53}","{""Class Label"":""0""}"
PXL_20240501_204638346.jpg,2959396,"{}",243,174,"{""name"":""circle"",""cx"":1155,""cy"":2176,""r"":55}","{""Class Label"":""0""}"
PXL_20240501_204638346.jpg,2959396,"{}",243,175,"{""name"":""circle"",""cx"":1286,""cy"":2141,""r"":51}","{""Class Label"":""0""}"
PXL_20240501_204638346.jpg,2959396,"{}",243,176,"{""name"":""circle"",""cx"":1410,""cy"":2123,""r"":49}","{""Class Label"":""0""}"
PXL_20240501_204638346.jpg,2959396,"{}",243,177,"{""name"":""circle"",""cx"":1531,""cy"":2081,""r"":51}","{""Class Label"":""0""}"
PXL_20240501_204638346.jpg,2959396,"{}",243,178,"{""name"":""circle"",""cx"":1653,""cy"":2038,""r"":48}","{""Class Label"":""0""}"
PXL_20240501_204638346.jpg,2959396,"{}",243,179,"{""name"":""circle"",""cx"":1756,""cy"":1994,""r"":51}","{""Class Label"":""0""}"
PXL_20240501_204638346.jpg,2959396,"{}",243,180,"{""name"":""circle"",""cx"":1863,""cy"":2055,""r"":51}","{""Class Label"":""0""}"
PXL_20240501_204638346.jpg,2959396,"{}",243,181,"{""name"":""circle"",""cx"":1776,""cy"":2108,""r"":52}","{""Class Label"":""0""}"
PXL_20240501_204638346.jpg,2959396,"{}",243,182,"{""name"":""circle"",""cx"":1642,""cy"":2163,""r"":48}","{""Class Label"":""1""}"
PXL_20240501_204638346.jpg,2959396,"{}",243,183,"{""name"":""circle"",""cx"":1506,""cy"":2220,""r"":52}","{""Class Label"":""0""}"
PXL_20240501_204638346.jpg,2959396,"{}",243,184,"{""name"":""circle"",""cx"":1682,""cy"":2284,""r"":48}","{""Class Label"":""0""}"
PXL_20240501_204638346.jpg,2959396,"{}",243,185,"{""name"":""circle"",""cx"":1797,""cy"":2230,""r"":52}","{""Class Label"":""0""}"
PXL_20240501_204638346.jpg,2959396,"{}",243,186,"{""name"":""circle"",""cx"":1896,""cy"":2166,""r"":52}","{""Class Label"":""0""}"
PXL_20240501_204638346.jpg,2959396,"{}",243,187,"{""name"":""circle"",""cx"":2011,""cy"":2133,""r"":52}","{""Class Label"":""0""}"
PXL_20240501_204638346.jpg,2959396,"{}",243,188,"{""name"":""circle"",""cx"":2127,""cy"":2106,""r"":48}","{""Class Label"":""0""}"
PXL_20240501_204638346.jpg,2959396,"{}",243,189,"{""name"":""circle"",""cx"":2114,""cy"":2281,""r"":48}","{""Class Label"":""0""}"
PXL_20240501_204638346.jpg,2959396,"{}",243,190,"{""name"":""circle"",""cx"":2008,""cy"":2209,""r"":39}","{""Class Label"":""0""}"
PXL_20240501_204638346.jpg,2959396,"{}",243,191,"{""name"":""circle"",""cx"":1976,""cy"":2061,""r"":38}","{""Class Label"":""0""}"
PXL_20240501_204638346.jpg,2959396,"{}",243,192,"{""name"":""circle"",""cx"":1971,""cy"":1947,""r"":52}","{""Class Label"":""0""}"
PXL_20240501_204638346.jpg,2959396,"{}",243,193,"{""name"":""circle"",""cx"":1882,""cy"":1968,""r"":36}","{""Class Label"":""0""}"
PXL_20240501_204638346.jpg,2959396,"{}",243,194,"{""name"":""circle"",""cx"":1801,""cy"":1882,""r"":50}","{""Class Label"":""0""}"
PXL_20240501_204638346.jpg,2959396,"{}",243,195,"{""name"":""circle"",""cx"":1941,""cy"":1859,""r"":40}","{""Class Label"":""0""}"
PXL_20240501_204638346.jpg,2959396,"{}",243,196,"{""name"":""circle"",""cx"":926,""cy"":2239,""r"":56}","{""Class Label"":""0""}"
PXL_20240501_204638346.jpg,2959396,"{}",243,197,"{""name"":""circle"",""cx"":1371,""cy"":2249,""r"":50}","{""Class Label"":""0""}"
PXL_20240501_204638346.jpg,2959396,"{}",243,198,"{""name"":""circle"",""cx"":1143,""cy"":2368,""r"":51}","{""Class Label"":""0""}"
PXL_20240501_204638346.jpg,2959396,"{}",243,199,"{""name"":""circle"",""cx"":1068,""cy"":2269,""r"":50}","{""Class Label"":""0""}"
PXL_20240501_204638346.jpg,2959396,"{}",243,200,"{""name"":""circle"",""cx"":853,""cy"":2358,""r"":54}","{""Class Label"":""0""}"
PXL_20240501_204638346.jpg,2959396,"{}",243,201,"{""name"":""circle"",""cx"":724,""cy"":2507,""r"":57}","{""Class Label"":""0""}"
PXL_20240501_204638346.jpg,2959396,"{}",243,202,"{""name"":""circle"",""cx"":992,""cy"":2532,""r"":54}","{""Class Label"":""0""}"
PXL_20240501_204638346.jpg,2959396,"{}",243,203,"{""name"":""circle"",""cx"":1626,""cy"":2577,""r"":49.593}","{""Class Label"":""0""}"
PXL_20240501_204638346.jpg,2959396,"{}",243,204,"{""name"":""circle"",""cx"":1237,""cy"":2277,""r"":53}","{""Class Label"":""1""}"
PXL_20240501_204638346.jpg,2959396,"{}",243,205,"{""name"":""circle"",""cx"":1020,""cy"":2138,""r"":54}","{""Class Label"":""0""}"
PXL_20240501_204638346.jpg,2959396,"{}",243,206,"{""name"":""circle"",""cx"":785,""cy"":2229,""r"":52}","{""Class Label"":""0""}"
PXL_20240501_204638346.jpg,2959396,"{}",243,207,"{""name"":""circle"",""cx"":709,""cy"":2355,""r"":54}","{""Class Label"":""0""}"
PXL_20240501_204638346.jpg,2959396,"{}",243,208,"{""name"":""circle"",""cx"":995,""cy"":2393,""r"":59}","{""Class Label"":""0""}"
PXL_20240501_204638346.jpg,2959396,"{}",243,209,"{""name"":""circle"",""cx"":868,""cy"":2489,""r"":61}","{""Class Label"":""0""}"
PXL_20240501_204638346.jpg,2959396,"{}",243,210,"{""name"":""circle"",""cx"":1118,""cy"":2491,""r"":58}","{""Class Label"":""0""}"
PXL_20240501_204638346.jpg,2959396,"{}",243,211,"{""name"":""circle"",""cx"":851,""cy"":2635,""r"":59}","{""Class Label"":""0""}"
PXL_20240501_204638346.jpg,2959396,"{}",243,212,"{""name"":""circle"",""cx"":702,""cy"":2661,""r"":60}","{""Class Label"":""0""}"
PXL_20240501_204638346.jpg,2959396,"{}",243,213,"{""name"":""circle"",""cx"":995,""cy"":2668,""r"":55}","{""Class Label"":""0""}"
PXL_20240501_204638346.jpg,2959396,"{}",243,214,"{""name"":""circle"",""cx"":891,""cy"":2774,""r"":60}","{""Class Label"":""0""}"
PXL_20240501_204638346.jpg,2959396,"{}",243,215,"{""name"":""circle"",""cx"":1111,""cy"":2749,""r"":57}","{""Class Label"":""0""}"
PXL_20240501_204638346.jpg,2959396,"{}",243,216,"{""name"":""circle"",""cx"":1176,""cy"":2620,""r"":53}","{""Class Label"":""0""}"
PXL_20240501_204638346.jpg,2959396,"{}",243,217,"{""name"":""circle"",""cx"":1244,""cy"":2494,""r"":55}","{""Class Label"":""0""}"
PXL_20240501_204638346.jpg,2959396,"{}",243,218,"{""name"":""circle"",""cx"":1320,""cy"":2380,""r"":52}","{""Class Label"":""0""}"
PXL_20240501_204638346.jpg,2959396,"{}",243,219,"{""name"":""circle"",""cx"":1446,""cy"":2360,""r"":52}","{""Class Label"":""0""}"
PXL_20240501_204638346.jpg,2959396,"{}",243,220,"{""name"":""circle"",""cx"":1396,""cy"":2486,""r"":52}","{""Class Label"":""0""}"
PXL_20240501_204638346.jpg,2959396,"{}",243,221,"{""name"":""circle"",""cx"":1325,""cy"":2610,""r"":53}","{""Class Label"":""0""}"
PXL_20240501_204638346.jpg,2959396,"{}",243,222,"{""name"":""circle"",""cx"":1257,""cy"":2744,""r"":55}","{""Class Label"":""0""}"
PXL_20240501_204638346.jpg,2959396,"{}",243,223,"{""name"":""circle"",""cx"":1391,""cy"":2739,""r"":55}","{""Class Label"":""0""}"
PXL_20240501_204638346.jpg,2959396,"{}",243,224,"{""name"":""circle"",""cx"":1474,""cy"":2595,""r"":57}","{""Class Label"":""0""}"
PXL_20240501_204638346.jpg,2959396,"{}",243,225,"{""name"":""circle"",""cx"":1570,""cy"":2345,""r"":49}","{""Class Label"":""0""}"
PXL_20240501_204638346.jpg,2959396,"{}",243,226,"{""name"":""circle"",""cx"":1787,""cy"":2363,""r"":54.197}","{""Class Label"":""0""}"
PXL_20240501_204638346.jpg,2959396,"{}",243,227,"{""name"":""circle"",""cx"":1777,""cy"":2496,""r"":51}","{""Class Label"":""0""}"
PXL_20240501_204638346.jpg,2959396,"{}",243,228,"{""name"":""circle"",""cx"":1901,""cy"":2426,""r"":50}","{""Class Label"":""0""}"
PXL_20240501_204638346.jpg,2959396,"{}",243,229,"{""name"":""circle"",""cx"":1522,""cy"":2731,""r"":56}","{""Class Label"":""0""}"
PXL_20240501_204638346.jpg,2959396,"{}",243,230,"{""name"":""circle"",""cx"":1653,""cy"":2729,""r"":59}","{""Class Label"":""0""}"
PXL_20240501_204638346.jpg,2959396,"{}",243,231,"{""name"":""circle"",""cx"":1752,""cy"":2628,""r"":56.046}","{""Class Label"":""0""}"
PXL_20240501_204638346.jpg,2959396,"{}",243,232,"{""name"":""circle"",""cx"":1764,""cy"":2809,""r"":58}","{""Class Label"":""0""}"
PXL_20240501_204638346.jpg,2959396,"{}",243,233,"{""name"":""circle"",""cx"":1896,""cy"":2870,""r"":58}","{""Class Label"":""0""}"
PXL_20240501_204638346.jpg,2959396,"{}",243,234,"{""name"":""circle"",""cx"":1865,""cy"":2706,""r"":56}","{""Class Label"":""0""}"
PXL_20240501_204638346.jpg,2959396,"{}",243,235,"{""name"":""circle"",""cx"":1888,""cy"":2570,""r"":55}","{""Class Label"":""0""}"
PXL_20240501_204638346.jpg,2959396,"{}",243,236,"{""name"":""circle"",""cx"":2014,""cy"":2494,""r"":54}","{""Class Label"":""0""}"
PXL_20240501_204638346.jpg,2959396,"{}",243,237,"{""name"":""circle"",""cx"":2007,""cy"":2630,""r"":51}","{""Class Label"":""0""}"
PXL_20240501_204638346.jpg,2959396,"{}",243,238,"{""name"":""circle"",""cx"":1883,""cy"":2297,""r"":28}","{""Class Label"":""0""}"
PXL_20240501_204638346.jpg,2959396,"{}",243,239,"{""name"":""circle"",""cx"":2489,""cy"":2115,""r"":60}","{""Class Label"":""0""}"
PXL_20240501_204638346.jpg,2959396,"{}",243,240,"{""name"":""circle"",""cx"":2469,""cy"":2219,""r"":50}","{""Class Label"":""0""}"
PXL_20240501_204638346.jpg,2959396,"{}",243,241,"{""name"":""circle"",""cx"":1663,""cy"":2433,""r"":52}","{""Class Label"":""1""}"
PXL_20240501_204638346.jpg,2959396,"{}",243,242,"{""name"":""circle"",""cx"":1530,""cy"":2467,""r"":54}","{""Class Label"":""0""}"
PXL_20240501_214323113.jpg,2843546,"{}",358,0,"{""name"":""circle"",""cx"":1675,""cy"":771,""r"":53}","{""Class Label"":""0""}"
PXL_20240501_214323113.jpg,2843546,"{}",358,1,"{""name"":""circle"",""cx"":1798,""cy"":834,""r"":54}","{""Class Label"":""0""}"
PXL_20240501_214323113.jpg,2843546,"{}",358,2,"{""name"":""circle"",""cx"":1916,""cy"":898,""r"":53}","{""Class Label"":""0""}"
PXL_20240501_214323113.jpg,2843546,"{}",358,3,"{""name"":""circle"",""cx"":1549,""cy"":823,""r"":55}","{""Class Label"":""0""}"
PXL_20240501_214323113.jpg,2843546,"{}",358,4,"{""name"":""circle"",""cx"":1792,""cy"":951,""r"":52}","{""Class Label"":""0""}"
PXL_20240501_214323113.jpg,2843546,"{}",358,5,"{""name"":""circle"",""cx"":1580,""cy"":938,""r"":55}","{""Class Label"":""0""}"
PXL_20240501_214323113.jpg,2843546,"{}",358,6,"{""name"":""circle"",""cx"":1682,""cy"":907,""r"":55}","{""Class Label"":""0""}"
PXL_20240501_214323113.jpg,2843546,"{}",358,7,"{""name"":""circle"",""cx"":1475,""cy"":936,""r"":49}","{""Class Label"":""0""}"
PXL_20240501_214323113.jpg,2843546,"{}",358,8,"{""name"":""circle"",""cx"":1408,""cy"":820,""r"":54}","{""Class Label"":""0""}"
PXL_20240501_214323113.jpg,2843546,"{}",358,9,"{""name"":""circle"",""cx"":1910,""cy"":1025,""r"":52}","{""Class Label"":""0""}"
PXL_20240501_214323113.jpg,2843546,"{}",358,10,"{""name"":""circle"",""cx"":1785,""cy"":1076,""r"":53}","{""Class Label"":""0""}"
PXL_20240501_214323113.jpg,2843546,"{}",358,11,"{""name"":""circle"",""cx"":1667,""cy"":1035,""r"":51}","{""Class Label"":""0""}"
PXL_20240501_214323113.jpg,2843546,"{}",358,12,"{""name"":""circle"",""cx"":1548,""cy"":1049,""r"":54}","{""Class Label"":""0""}"
PXL_20240501_214323113.jpg,2843546,"{}",358,13,"{""name"":""circle"",""cx"":1888,""cy"":1153,""r"":50}","{""Class Label"":""0""}"
PXL_20240501_214323113.jpg,2843546,"{}",358,14,"{""name"":""circle"",""cx"":1814,""cy"":1261,""r"":50}","{""Class Label"":""0""}"
PXL_20240501_214323113.jpg,2843546,"{}",358,15,"{""name"":""circle"",""cx"":1956,""cy"":1257,""r"":58}","{""Class Label"":""0""}"
PXL_20240501_214323113.jpg,2843546,"{}",358,16,"{""name"":""circle"",""cx"":2085,""cy"":1287,""r"":54}","{""Class Label"":""0""}"
PXL_20240501_214323113.jpg,2843546,"{}",358,17,"{""name"":""circle"",""cx"":2207,""cy"":1271,""r"":51}","{""Class Label"":""0""}"
PXL_20240501_214323113.jpg,2843546,"{}",358,18,"{""name"":""circle"",""cx"":2390,""cy"":1553,""r"":56}","{""Class Label"":""0""}"
PXL_20240501_214323113.jpg,2843546,"{}",358,19,"{""name"":""circle"",""cx"":2058,""cy"":1480,""r"":61}","{""Class Label"":""0""}"
PXL_20240501_214323113.jpg,2843546,"{}",358,20,"{""name"":""circle"",""cx"":2513,""cy"":1872,""r"":55.935}","{""Class Label"":""0""}"
PXL_20240501_214323113.jpg,2843546,"{}",358,21,"{""name"":""circle"",""cx"":2472,""cy"":2008,""r"":52}","{""Class Label"":""0""}"
PXL_20240501_214323113.jpg,2843546,"{}",358,22,"{""name"":""circle"",""cx"":2541,""cy"":2112,""r"":52.06}","{""Class Label"":""0""}"
PXL_20240501_214323113.jpg,2843546,"{}",358,23,"{""name"":""circle"",""cx"":2478,""cy"":2235,""r"":55}","{""Class Label"":""0""}"
PXL_20240501_214323113.jpg,2843546,"{}",358,24,"{""name"":""circle"",""cx"":2301,""cy"":1364,""r"":53}","{""Class Label"":""0""}"
PXL_20240501_214323113.jpg,2843546,"{}",358,25,"{""name"":""circle"",""cx"":2172,""cy"":1414,""r"":53}","{""Class Label"":""0""}"
PXL_20240501_214323113.jpg,2843546,"{}",358,26,"{""name"":""circle"",""cx"":1992,""cy"":1373,""r"":49}","{""Class Label"":""0""}"
PXL_20240501_214323113.jpg,2843546,"{}",358,27,"{""name"":""circle"",""cx"":1866,""cy"":1370,""r"":50}","{""Class Label"":""0""}"
PXL_20240501_214323113.jpg,2843546,"{}",358,28,"{""name"":""circle"",""cx"":1752,""cy"":1367,""r"":56}","{""Class Label"":""0""}"
PXL_20240501_214323113.jpg,2843546,"{}",358,29,"{""name"":""circle"",""cx"":1840,""cy"":1578,""r"":51}","{""Class Label"":""0""}"
PXL_20240501_214323113.jpg,2843546,"{}",358,30,"{""name"":""circle"",""cx"":1916,""cy"":1477,""r"":53}","{""Class Label"":""0""}"
PXL_20240501_214323113.jpg,2843546,"{}",358,31,"{""name"":""circle"",""cx"":1490,""cy"":1676,""r"":55}","{""Class Label"":""0""}"
PXL_20240501_214323113.jpg,2843546,"{}",358,32,"{""name"":""circle"",""cx"":1455,""cy"":1471,""r"":55}","{""Class Label"":""0""}"
PXL_20240501_214323113.jpg,2843546,"{}",358,33,"{""name"":""circle"",""cx"":1515,""cy"":1379,""r"":58}","{""Class Label"":""0""}"
PXL_20240501_214323113.jpg,2843546,"{}",358,34,"{""name"":""circle"",""cx"":1679,""cy"":1288,""r"":51.385}","{""Class Label"":""0""}"
PXL_20240501_214323113.jpg,2843546,"{}",358,35,"{""name"":""circle"",""cx"":1727,""cy"":1171,""r"":54}","{""Class Label"":""0""}"
PXL_20240501_214323113.jpg,2843546,"{}",358,36,"{""name"":""circle"",""cx"":1604,""cy"":1174,""r"":56}","{""Class Label"":""0""}"
PXL_20240501_214323113.jpg,2843546,"{}",358,37,"{""name"":""circle"",""cx"":1420,""cy"":1048,""r"":54}","{""Class Label"":""0""}"
PXL_20240501_214323113.jpg,2843546,"{}",358,38,"{""name"":""circle"",""cx"":1351,""cy"":944,""r"":56}","{""Class Label"":""0""}"
PXL_20240501_214323113.jpg,2843546,"{}",358,39,"{""name"":""circle"",""cx"":1285,""cy"":833,""r"":58}","{""Class Label"":""0""}"
PXL_20240501_214323113.jpg,2843546,"{}",358,40,"{""name"":""circle"",""cx"":1149,""cy"":777,""r"":61}","{""Class Label"":""0""}"
PXL_20240501_214323113.jpg,2843546,"{}",358,41,"{""name"":""circle"",""cx"":1023,""cy"":802,""r"":57}","{""Class Label"":""1""}"
PXL_20240501_214323113.jpg,2843546,"{}",358,42,"{""name"":""circle"",""cx"":1225,""cy"":953,""r"":58}","{""Class Label"":""0""}"
PXL_20240501_214323113.jpg,2843546,"{}",358,43,"{""name"":""circle"",""cx"":1304,""cy"":1067,""r"":54}","{""Class Label"":""0""}"
PXL_20240501_214323113.jpg,2843546,"{}",358,44,"{""name"":""circle"",""cx"":1263,""cy"":1184,""r"":54}","{""Class Label"":""0""}"
PXL_20240501_214323113.jpg,2843546,"{}",358,45,"{""name"":""circle"",""cx"":1484,""cy"":1146,""r"":52}","{""Class Label"":""0""}"
PXL_20240501_214323113.jpg,2843546,"{}",358,46,"{""name"":""circle"",""cx"":1458,""cy"":1269,""r"":50}","{""Class Label"":""0""}"
PXL_20240501_214323113.jpg,2843546,"{}",358,47,"{""name"":""circle"",""cx"":1556,""cy"":1275,""r"":58}","{""Class Label"":""0""}"
PXL_20240501_214323113.jpg,2843546,"{}",358,48,"{""name"":""circle"",""cx"":1383,""cy"":1165,""r"":52}","{""Class Label"":""0""}"
PXL_20240501_214323113.jpg,2843546,"{}",358,49,"{""name"":""circle"",""cx"":2593,""cy"":1978,""r"":57}","{""Class Label"":""0""}"
PXL_20240501_214323113.jpg,2843546,"{}",358,50,"{""name"":""circle"",""cx"":2382,""cy"":1907,""r"":55}","{""Class Label"":""0""}"
PXL_20240501_214323113.jpg,2843546,"{}",358,51,"{""name"":""circle"",""cx"":2407,""cy"":2113,""r"":49}","{""Class Label"":""0""}"
PXL_20240501_214323113.jpg,2843546,"{}",358,52,"{""name"":""circle"",""cx"":2353,""cy"":2016,""r"":47}","{""Class Label"":""0""}"
PXL_20240501_214323113.jpg,2843546,"{}",358,53,"{""name"":""circle"",""cx"":2332,""cy"":2210,""r"":59}","{""Class Label"":""0""}"
PXL_20240501_214323113.jpg,2843546,"{}",358,54,"{""name"":""circle"",""cx"":2247,""cy"":2298,""r"":56}","{""Class Label"":""0""}"
PXL_20240501_214323113.jpg,2843546,"{}",358,55,"{""name"":""circle"",""cx"":2117,""cy"":2260,""r"":56}","{""Class Label"":""0""}"
PXL_20240501_214323113.jpg,2843546,"{}",358,56,"{""name"":""circle"",""cx"":2193,""cy"":2172,""r"":53}","{""Class Label"":""0""}"
PXL_20240501_214323113.jpg,2843546,"{}",358,57,"{""name"":""circle"",""cx"":2382,""cy"":2332,""r"":57}","{""Class Label"":""0""}"
PXL_20240501_214323113.jpg,2843546,"{}",358,58,"{""name"":""circle"",""cx"":2298,""cy"":2420,""r"":53}","{""Class Label"":""0""}"
PXL_20240501_214323113.jpg,2843546,"{}",358,59,"{""name"":""circle"",""cx"":2218,""cy"":2529,""r"":57}","{""Class Label"":""0""}"
PXL_20240501_214323113.jpg,2843546,"{}",358,60,"{""name"":""circle"",""cx"":2168,""cy"":2386,""r"":49}","{""Class Label"":""0""}"
PXL_20240501_214323113.jpg,2843546,"{}",358,61,"{""name"":""circle"",""cx"":2088,""cy"":2483,""r"":51}","{""Class Label"":""0""}"
PXL_20240501_214323113.jpg,2843546,"{}",358,62,"{""name"":""circle"",""cx"":2003,""cy"":2563,""r"":51.375}","{""Class Label"":""0""}"
PXL_20240501_214323113.jpg,2843546,"{}",358,63,"{""name"":""circle"",""cx"":2041,""cy"":2361,""r"":57}","{""Class Label"":""0""}"
PXL_20240501_214323113.jpg,2843546,"{}",358,64,"{""name"":""circle"",""cx"":2121,""cy"":2630,""r"":58}","{""Class Label"":""0""}"
PXL_20240501_214323113.jpg,2843546,"{}",358,65,"{""name"":""circle"",""cx"":1995,""cy"":2689,""r"":51}","{""Class Label"":""0""}"
PXL_20240501_214323113.jpg,2843546,"{}",358,66,"{""name"":""circle"",""cx"":2075,""cy"":2134,""r"":56.623}","{""Class Label"":""0""}"
PXL_20240501_214323113.jpg,2843546,"{}",358,67,"{""name"":""circle"",""cx"":2281,""cy"":2092,""r"":48}","{""Class Label"":""0""}"
PXL_20240501_214323113.jpg,2843546,"{}",358,68,"{""name"":""circle"",""cx"":2294,""cy"":1831,""r"":51}","{""Class Label"":""0""}"
PXL_20240501_214323113.jpg,2843546,"{}",358,69,"{""name"":""circle"",""cx"":2071,""cy"":1751,""r"":51}","{""Class Label"":""0""}"
PXL_20240501_214323113.jpg,2843546,"{}",358,70,"{""name"":""circle"",""cx"":1982,""cy"":1894,""r"":53}","{""Class Label"":""0""}"
PXL_20240501_214323113.jpg,2843546,"{}",358,71,"{""name"":""circle"",""cx"":1919,""cy"":2319,""r"":59}","{""Class Label"":""0""}"
PXL_20240501_214323113.jpg,2843546,"{}",358,72,"{""name"":""circle"",""cx"":1797,""cy"":2622,""r"":60}","{""Class Label"":""0""}"
PXL_20240501_214323113.jpg,2843546,"{}",358,73,"{""name"":""circle"",""cx"":1751,""cy"":2740,""r"":55}","{""Class Label"":""0""}"
PXL_20240501_214323113.jpg,2843546,"{}",358,74,"{""name"":""circle"",""cx"":1881,""cy"":2736,""r"":57}","{""Class Label"":""0""}"
PXL_20240501_214323113.jpg,2843546,"{}",358,75,"{""name"":""circle"",""cx"":1818,""cy"":2849,""r"":59.818}","{""Class Label"":""0""}"
PXL_20240501_214323113.jpg,2843546,"{}",358,76,"{""name"":""circle"",""cx"":1696,""cy"":2845,""r"":61}","{""Class Label"":""0""}"
PXL_20240501_214323113.jpg,2843546,"{}",358,77,"{""name"":""circle"",""cx"":1641,""cy"":2963,""r"":51}","{""Class Label"":""0""}"
PXL_20240501_214323113.jpg,2843546,"{}",358,78,"{""name"":""circle"",""cx"":1587,""cy"":3081,""r"":60}","{""Class Label"":""0""}"
PXL_20240501_214323113.jpg,2843546,"{}",358,79,"{""name"":""circle"",""cx"":1524,""cy"":3199,""r"":55}","{""Class Label"":""0""}"
PXL_20240501_214323113.jpg,2843546,"{}",358,80,"{""name"":""circle"",""cx"":1393,""cy"":3203,""r"":61}","{""Class Label"":""0""}"
PXL_20240501_214323113.jpg,2843546,"{}",358,81,"{""name"":""circle"",""cx"":1456,""cy"":3081,""r"":59}","{""Class Label"":""0""}"
PXL_20240501_214323113.jpg,2843546,"{}",358,82,"{""name"":""circle"",""cx"":1511,""cy"":2959,""r"":56}","{""Class Label"":""0""}"
PXL_20240501_214323113.jpg,2843546,"{}",358,83,"{""name"":""circle"",""cx"":1334,""cy"":3321,""r"":59}","{""Class Label"":""0""}"
PXL_20240501_214323113.jpg,2843546,"{}",358,84,"{""name"":""circle"",""cx"":1191,""cy"":3342,""r"":57}","{""Class Label"":""0""}"
PXL_20240501_214323113.jpg,2843546,"{}",358,85,"{""name"":""circle"",""cx"":1313,""cy"":3093,""r"":60}","{""Class Label"":""0""}"
PXL_20240501_214323113.jpg,2843546,"{}",358,86,"{""name"":""circle"",""cx"":1254,""cy"":3220,""r"":58}","{""Class Label"":""0""}"
PXL_20240501_214323113.jpg,2843546,"{}",358,87,"{""name"":""circle"",""cx"":1385,""cy"":2963,""r"":60}","{""Class Label"":""0""}"
PXL_20240501_214323113.jpg,2843546,"{}",358,88,"{""name"":""circle"",""cx"":1570,""cy"":2845,""r"":49}","{""Class Label"":""0""}"
PXL_20240501_214323113.jpg,2843546,"{}",358,89,"{""name"":""circle"",""cx"":1439,""cy"":2837,""r"":60}","{""Class Label"":""0""}"
PXL_20240501_214323113.jpg,2843546,"{}",358,90,"{""name"":""circle"",""cx"":1675,""cy"":2618,""r"":53}","{""Class Label"":""0""}"
PXL_20240501_214323113.jpg,2843546,"{}",358,91,"{""name"":""circle"",""cx"":1561,""cy"":2614,""r"":55}","{""Class Label"":""0""}"
PXL_20240501_214323113.jpg,2843546,"{}",358,92,"{""name"":""circle"",""cx"":1439,""cy"":2605,""r"":61}","{""Class Label"":""0""}"
PXL_20240501_214323113.jpg,2843546,"{}",358,93,"{""name"":""circle"",""cx"":1359,""cy"":2723,""r"":55}","{""Class Label"":""0""}"
PXL_20240501_214323113.jpg,2843546,"{}",358,94,"{""name"":""circle"",""cx"":1490,""cy"":2723,""r"":53}","{""Class Label"":""0""}"
PXL_20240501_214323113.jpg,2843546,"{}",358,95,"{""name"":""circle"",""cx"":1629,""cy"":2731,""r"":59}","{""Class Label"":""0""}"
PXL_20240501_214323113.jpg,2843546,"{}",358,96,"{""name"":""circle"",""cx"":1242,""cy"":2765,""r"":55}","{""Class Label"":""0""}"
PXL_20240501_214323113.jpg,2843546,"{}",358,97,"{""name"":""circle"",""cx"":1886,""cy"":2567,""r"":61}","{""Class Label"":""0""}"
PXL_20240501_214323113.jpg,2843546,"{}",358,98,"{""name"":""circle"",""cx"":1738,""cy"":2517,""r"":53}","{""Class Label"":""0""}"
PXL_20240501_214323113.jpg,2843546,"{}",358,99,"{""name"":""circle"",""cx"":1953,""cy"":2450,""r"":49.262}","{""Class Label"":""0""}"
PXL_20240501_214323113.jpg,2843546,"{}",358,100,"{""name"":""circle"",""cx"":1831,""cy"":2445,""r"":54}","{""Class Label"":""0""}"
PXL_20240501_214323113.jpg,2843546,"{}",358,101,"{""name"":""circle"",""cx"":1806,""cy"":2319,""r"":51}","{""Class Label"":""0""}"
PXL_20240501_214323113.jpg,2843546,"{}",358,102,"{""name"":""circle"",""cx"":1949,""cy"":2117,""r"":59}","{""Class Label"":""0""}"
PXL_20240501_214323113.jpg,2843546,"{}",358,103,"{""name"":""circle"",""cx"":1850,""cy"":2080,""r"":46.147}","{""Class Label"":""0""}"
PXL_20240501_214323113.jpg,2843546,"{}",358,104,"{""name"":""circle"",""cx"":797,""cy"":1073,""r"":57}","{""Class Label"":""0""}"
PXL_20240501_214323113.jpg,2843546,"{}",358,105,"{""name"":""circle"",""cx"":944,""cy"":1109,""r"":56}","{""Class Label"":""0""}"
PXL_20240501_214323113.jpg,2843546,"{}",358,106,"{""name"":""circle"",""cx"":849,""cy"":1203,""r"":52}","{""Class Label"":""0""}"
PXL_20240501_214323113.jpg,2843546,"{}",358,107,"{""name"":""circle"",""cx"":967,""cy"":1249,""r"":52}","{""Class Label"":""0""}"
PXL_20240501_214323113.jpg,2843546,"{}",358,108,"{""name"":""circle"",""cx"":1086,""cy"":1190,""r"":53}","{""Class Label"":""0""}"
PXL_20240501_214323113.jpg,2843546,"{}",358,109,"{""name"":""circle"",""cx"":1110,""cy"":912,""r"":52}","{""Class Label"":""0""}"
PXL_20240501_214323113.jpg,2843546,"{}",358,110,"{""name"":""circle"",""cx"":994,""cy"":941,""r"":53}","{""Class Label"":""0""}"
PXL_20240501_214323113.jpg,2843546,"{}",358,111,"{""name"":""circle"",""cx"":894,""cy"":848,""r"":55}","{""Class Label"":""0""}"
PXL_20240501_214323113.jpg,2843546,"{}",358,112,"{""name"":""circle"",""cx"":768,""cy"":908,""r"":54}","{""Class Label"":""0""}"
PXL_20240501_214323113.jpg,2843546,"{}",358,113,"{""name"":""circle"",""cx"":666,""cy"":998,""r"":57}","{""Class Label"":""0""}"
PXL_20240501_214323113.jpg,2843546,"{}",358,114,"{""name"":""circle"",""cx"":607,""cy"":1113,""r"":54}","{""Class Label"":""0""}"
PXL_20240501_214323113.jpg,2843546,"{}",358,115,"{""name"":""circle"",""cx"":725,""cy"":1169,""r"":54}","{""Class Label"":""0""}"
PXL_20240501_214323113.jpg,2843546,"{}",358,116,"{""name"":""circle"",""cx"":617,""cy"":1259,""r"":56}","{""Class Label"":""0""}"
PXL_20240501_214323113.jpg,2843546,"{}",358,117,"{""name"":""circle"",""cx"":748,""cy"":1305,""r"":54}","{""Class Label"":""0""}"
PXL_20240501_214323113.jpg,2843546,"{}",358,118,"{""name"":""circle"",""cx"":660,""cy"":1362,""r"":55}","{""Class Label"":""0""}"
PXL_20240501_214323113.jpg,2843546,"{}",358,119,"{""name"":""circle"",""cx"":873,""cy"":1340,""r"":51}","{""Class Label"":""0""}"
PXL_20240501_214323113.jpg,2843546,"{}",358,120,"{""name"":""circle"",""cx"":963,""cy"":1362,""r"":54}","{""Class Label"":""0""}"
PXL_20240501_214323113.jpg,2843546,"{}",358,121,"{""name"":""circle"",""cx"":777,""cy"":1445,""r"":55}","{""Class Label"":""0""}"
PXL_20240501_214323113.jpg,2843546,"{}",358,122,"{""name"":""circle"",""cx"":668,""cy"":1493,""r"":53}","{""Class Label"":""0""}"
PXL_20240501_214323113.jpg,2843546,"{}",358,123,"{""name"":""circle"",""cx"":547,""cy"":1426,""r"":52}","{""Class Label"":""0""}"
PXL_20240501_214323113.jpg,2843546,"{}",358,124,"{""name"":""circle"",""cx"":435,""cy"":1523,""r"":56}","{""Class Label"":""0""}"
PXL_20240501_214323113.jpg,2843546,"{}",358,125,"{""name"":""circle"",""cx"":314,""cy"":1518,""r"":52}","{""Class Label"":""0""}"
PXL_20240501_214323113.jpg,2843546,"{}",358,126,"{""name"":""circle"",""cx"":367,""cy"":1398,""r"":57.314}","{""Class Label"":""0""}"
PXL_20240501_214323113.jpg,2843546,"{}",358,127,"{""name"":""circle"",""cx"":242,""cy"":1412,""r"":55}","{""Class Label"":""0""}"
PXL_20240501_214323113.jpg,2843546,"{}",358,128,"{""name"":""circle"",""cx"":274,""cy"":1287,""r"":56}","{""Class Label"":""0""}"
PXL_20240501_214323113.jpg,2843546,"{}",358,129,"{""name"":""circle"",""cx"":513,""cy"":1294,""r"":57}","{""Class Label"":""0""}"
PXL_20240501_214323113.jpg,2843546,"{}",358,130,"{""name"":""circle"",""cx"":510,""cy"":1184,""r"":51}","{""Class Label"":""0""}"
PXL_20240501_214323113.jpg,2843546,"{}",358,131,"{""name"":""circle"",""cx"":515,""cy"":1028,""r"":53}","{""Class Label"":""0""}"
PXL_20240501_214323113.jpg,2843546,"{}",358,132,"{""name"":""circle"",""cx"":1193,""cy"":1278,""r"":51}","{""Class Label"":""0""}"
PXL_20240501_214323113.jpg,2843546,"{}",358,133,"{""name"":""circle"",""cx"":1070,""cy"":1323,""r"":51}","{""Class Label"":""0""}"
PXL_20240501_214323113.jpg,2843546,"{}",358,134,"{""name"":""circle"",""cx"":882,""cy"":983,""r"":53}","{""Class Label"":""0""}"
PXL_20240501_214323113.jpg,2843546,"{}",358,135,"{""name"":""circle"",""cx"":413,""cy"":1094,""r"":55}","{""Class Label"":""0""}"
PXL_20240501_214323113.jpg,2843546,"{}",358,136,"{""name"":""circle"",""cx"":304,""cy"":1154,""r"":60}","{""Class Label"":""0""}"
PXL_20240501_214323113.jpg,2843546,"{}",358,137,"{""name"":""circle"",""cx"":173,""cy"":1181,""r"":58}","{""Class Label"":""0""}"
PXL_20240501_214323113.jpg,2843546,"{}",358,138,"{""name"":""circle"",""cx"":1067,""cy"":1052,""r"":60}","{""Class Label"":""0""}"
PXL_20240501_214323113.jpg,2843546,"{}",358,139,"{""name"":""circle"",""cx"":1183,""cy"":1097,""r"":53}","{""Class Label"":""0""}"
PXL_20240501_214323113.jpg,2843546,"{}",358,140,"{""name"":""circle"",""cx"":902,""cy"":1470,""r"":56}","{""Class Label"":""0""}"
PXL_20240501_214323113.jpg,2843546,"{}",358,141,"{""name"":""circle"",""cx"":734,""cy"":1579,""r"":56}","{""Class Label"":""0""}"
PXL_20240501_214323113.jpg,2843546,"{}",358,142,"{""name"":""circle"",""cx"":405,""cy"":1263,""r"":50}","{""Class Label"":""0""}"
PXL_20240501_214323113.jpg,2843546,"{}",358,143,"{""name"":""circle"",""cx"":140,""cy"":1316,""r"":53}","{""Class Label"":""0""}"
PXL_20240501_214323113.jpg,2843546,"{}",358,144,"{""name"":""circle"",""cx"":112,""cy"":1444,""r"":53}","{""Class Label"":""0""}"
PXL_20240501_214323113.jpg,2843546,"{}",358,145,"{""name"":""circle"",""cx"":464,""cy"":1392,""r"":36}","{""Class Label"":""0""}"
PXL_20240501_214323113.jpg,2843546,"{}",358,146,"{""name"":""circle"",""cx"":208,""cy"":1548,""r"":52}","{""Class Label"":""0""}"
PXL_20240501_214323113.jpg,2843546,"{}",358,147,"{""name"":""circle"",""cx"":609,""cy"":1616,""r"":53}","{""Class Label"":""0""}"
PXL_20240501_214323113.jpg,2843546,"{}",358,148,"{""name"":""circle"",""cx"":507,""cy"":1626,""r"":52}","{""Class Label"":""0""}"
PXL_20240501_214323113.jpg,2843546,"{}",358,149,"{""name"":""circle"",""cx"":570,""cy"":1514,""r"":49}","{""Class Label"":""0""}"
PXL_20240501_214323113.jpg,2843546,"{}",358,150,"{""name"":""circle"",""cx"":303,""cy"":1640,""r"":52}","{""Class Label"":""0""}"
PXL_20240501_214323113.jpg,2843546,"{}",358,151,"{""name"":""circle"",""cx"":180,""cy"":1680,""r"":54.453}","{""Class Label"":""""}"
PXL_20240501_214323113.jpg,2843546,"{}",358,152,"{""name"":""circle"",""cx"":255,""cy"":1784,""r"":60}","{""Class Label"":""0""}"
PXL_20240501_214323113.jpg,2843546,"{}",358,153,"{""name"":""circle"",""cx"":367,""cy"":1835,""r"":52}","{""Class Label"":""""}"
PXL_20240501_214323113.jpg,2843546,"{}",358,154,"{""name"":""circle"",""cx"":412,""cy"":1718,""r"":53}","{""Class Label"":""0""}"
PXL_20240501_214323113.jpg,2843546,"{}",358,155,"{""name"":""circle"",""cx"":690,""cy"":1708,""r"":58}","{""Class Label"":""0""}"
PXL_20240501_214323113.jpg,2843546,"{}",358,156,"{""name"":""circle"",""cx"":562,""cy"":1728,""r"":54}","{""Class Label"":""0""}"
PXL_20240501_214323113.jpg,2843546,"{}",358,157,"{""name"":""circle"",""cx"":497,""cy"":1828,""r"":55}","{""Class Label"":""""}"
PXL_20240501_214323113.jpg,2843546,"{}",358,158,"{""name"":""circle"",""cx"":631,""cy"":1833,""r"":52}","{""Class Label"":""0""}"
PXL_20240501_214323113.jpg,2843546,"{}",358,159,"{""name"":""circle"",""cx"":558,""cy"":1942,""r"":52}","{""Class Label"":""0""}"
PXL_20240501_214323113.jpg,2843546,"{}",358,160,"{""name"":""circle"",""cx"":483,""cy"":2052,""r"":53}","{""Class Label"":""0""}"
PXL_20240501_214323113.jpg,2843546,"{}",358,161,"{""name"":""circle"",""cx"":278,""cy"":1924,""r"":56}","{""Class Label"":""0""}"
PXL_20240501_214323113.jpg,2843546,"{}",358,162,"{""name"":""circle"",""cx"":422,""cy"":1940,""r"":56}","{""Class Label"":""0""}"
PXL_20240501_214323113.jpg,2843546,"{}",358,163,"{""name"":""circle"",""cx"":692,""cy"":1939,""r"":51}","{""Class Label"":""0""}"
PXL_20240501_214323113.jpg,2843546,"{}",358,164,"{""name"":""circle"",""cx"":746,""cy"":2047,""r"":48.776}","{""Class Label"":""0""}"
PXL_20240501_214323113.jpg,2843546,"{}",358,165,"{""name"":""circle"",""cx"":675,""cy"":2154,""r"":53.852}","{""Class Label"":""0""}"
PXL_20240501_214323113.jpg,2843546,"{}",358,166,"{""name"":""circle"",""cx"":400,""cy"":2159,""r"":62}","{""Class Label"":""0""}"
PXL_20240501_214323113.jpg,2843546,"{}",358,167,"{""name"":""circle"",""cx"":339,""cy"":2041,""r"":52.706}","{""Class Label"":""0""}"
PXL_20240501_214323113.jpg,2843546,"{}",358,168,"{""name"":""circle"",""cx"":196,""cy"":2044,""r"":56.024}","{""Class Label"":""0""}"
PXL_20240501_214323113.jpg,2843546,"{}",358,169,"{""name"":""circle"",""cx"":613,""cy"":2057,""r"":56.024}","{""Class Label"":""0""}"
PXL_20240501_214323113.jpg,2843546,"{}",358,170,"{""name"":""circle"",""cx"":537,""cy"":2176,""r"":51.587}","{""Class Label"":""0""}"
PXL_20240501_214323113.jpg,2843546,"{}",358,171,"{""name"":""circle"",""cx"":443,""cy"":2278,""r"":55}","{""Class Label"":""""}"
PXL_20240501_214323113.jpg,2843546,"{}",358,172,"{""name"":""circle"",""cx"":871,""cy"":2039,""r"":54}","{""Class Label"":""0""}"
PXL_20240501_214323113.jpg,2843546,"{}",358,173,"{""name"":""circle"",""cx"":809,""cy"":2159,""r"":58}","{""Class Label"":""0""}"
PXL_20240501_214323113.jpg,2843546,"{}",358,174,"{""name"":""circle"",""cx"":740,""cy"":2258,""r"":49.658}","{""Class Label"":""0""}"
PXL_20240501_214323113.jpg,2843546,"{}",358,175,"{""name"":""circle"",""cx"":619,""cy"":2284,""r"":52}","{""Class Label"":""0""}"
PXL_20240501_214323113.jpg,2843546,"{}",358,176,"{""name"":""circle"",""cx"":507,""cy"":2364,""r"":52}","{""Class Label"":""0""}"
PXL_20240501_214323113.jpg,2843546,"{}",358,177,"{""name"":""circle"",""cx"":382,""cy"":2410,""r"":56}","{""Class Label"":""0""}"
PXL_20240501_214323113.jpg,2843546,"{}",358,178,"{""name"":""circle"",""cx"":306,""cy"":2268,""r"":54}","{""Class Label"":""0""}"
PXL_20240501_214323113.jpg,2843546,"{}",358,179,"{""name"":""circle"",""cx"":257,""cy"":2156,""r"":57}","{""Class Label"":""0""}"
PXL_20240501_214323113.jpg,2843546,"{}",358,180,"{""name"":""circle"",""cx"":715,""cy"":2378,""r"":52}","{""Class Label"":""0""}"
PXL_20240501_214323113.jpg,2843546,"{}",358,181,"{""name"":""circle"",""cx"":614,""cy"":2424,""r"":52}","{""Class Label"":""0""}"
PXL_20240501_214323113.jpg,2843546,"{}",358,182,"{""name"":""circle"",""cx"":497,""cy"":2480,""r"":56}","{""Class Label"":""0""}"
PXL_20240501_214323113.jpg,2843546,"{}",358,183,"{""name"":""circle"",""cx"":384,""cy"":2548,""r"":58}","{""Class Label"":""0""}"
PXL_20240501_214323113.jpg,2843546,"{}",358,184,"{""name"":""circle"",""cx"":267,""cy"":2512,""r"":54.378}","{""Class Label"":""0""}"
PXL_20240501_214323113.jpg,2843546,"{}",358,185,"{""name"":""circle"",""cx"":254,""cy"":2378,""r"":55}","{""Class Label"":""0""}"
PXL_20240501_214323113.jpg,2843546,"{}",358,186,"{""name"":""circle"",""cx"":491,""cy"":2620,""r"":58}","{""Class Label"":""0""}"
PXL_20240501_214323113.jpg,2843546,"{}",358,187,"{""name"":""circle"",""cx"":595,""cy"":2561,""r"":54}","{""Class Label"":""0""}"
PXL_20240501_214323113.jpg,2843546,"{}",358,188,"{""name"":""circle"",""cx"":366,""cy"":2683,""r"":64.235}","{""Class Label"":""0""}"
PXL_20240501_214323113.jpg,2843546,"{}",358,189,"{""name"":""circle"",""cx"":232,""cy"":2719,""r"":58}","{""Class Label"":""0""}"
PXL_20240501_214323113.jpg,2843546,"{}",358,190,"{""name"":""circle"",""cx"":170,""cy"":2604,""r"":61}","{""Class Label"":""0""}"
PXL_20240501_214323113.jpg,2843546,"{}",358,191,"{""name"":""circle"",""cx"":433,""cy"":2900,""r"":56.024}","{""Class Label"":""0""}"
PXL_20240501_214323113.jpg,2843546,"{}",358,192,"{""name"":""circle"",""cx"":325,""cy"":2814,""r"":56.097}","{""Class Label"":""0""}"
PXL_20240501_214323113.jpg,2843546,"{}",358,193,"{""name"":""circle"",""cx"":572,""cy"":2831,""r"":55}","{""Class Label"":""0""}"
PXL_20240501_214323113.jpg,2843546,"{}",358,194,"{""name"":""circle"",""cx"":466,""cy"":2762,""r"":58}","{""Class Label"":""0""}"
PXL_20240501_214323113.jpg,2843546,"{}",358,195,"{""name"":""circle"",""cx"":585,""cy"":2698,""r"":56.024}","{""Class Label"":""0""}"
PXL_20240501_214323113.jpg,2843546,"{}",358,196,"{""name"":""circle"",""cx"":690,""cy"":2772,""r"":54.378}","{""Class Label"":""0""}"
PXL_20240501_214323113.jpg,2843546,"{}",358,197,"{""name"":""circle"",""cx"":670,""cy"":2905,""r"":58}","{""Class Label"":""0""}"
PXL_20240501_214323113.jpg,2843546,"{}",358,198,"{""name"":""circle"",""cx"":547,""cy"":2960,""r"":53}","{""Class Label"":""0""}"
PXL_20240501_214323113.jpg,2843546,"{}",358,199,"{""name"":""circle"",""cx"":763,""cy"":2980,""r"":53}","{""Class Label"":""0""}"
PXL_20240501_214323113.jpg,2843546,"{}",358,200,"{""name"":""circle"",""cx"":637,""cy"":3049,""r"":60}","{""Class Label"":""0""}"
PXL_20240501_214323113.jpg,2843546,"{}",358,201,"{""name"":""circle"",""cx"":43,""cy"":2573,""r"":61}","{""Class Label"":""0""}"
PXL_20240501_214323113.jpg,2843546,"{}",358,202,"{""name"":""circle"",""cx"":145,""cy"":2474,""r"":57}","{""Class Label"":""0""}"
PXL_20240501_214323113.jpg,2843546,"{}",358,203,"{""name"":""circle"",""cx"":44,""cy"":2392,""r"":63}","{""Class Label"":""0""}"
PXL_20240501_214323113.jpg,2843546,"{}",358,204,"{""name"":""circle"",""cx"":168,""cy"":2286,""r"":59}","{""Class Label"":""0""}"
PXL_20240501_214323113.jpg,2843546,"{}",358,205,"{""name"":""circle"",""cx"":40,""cy"":2260,""r"":58}","{""Class Label"":""0""}"
PXL_20240501_214323113.jpg,2843546,"{}",358,206,"{""name"":""circle"",""cx"":119,""cy"":2161,""r"":57}","{""Class Label"":""0""}"
PXL_20240501_214323113.jpg,2843546,"{}",358,207,"{""name"":""circle"",""cx"":66,""cy"":2039,""r"":60}","{""Class Label"":""0""}"
PXL_20240501_214323113.jpg,2843546,"{}",358,208,"{""name"":""circle"",""cx"":168,""cy"":1934,""r"":55}","{""Class Label"":""0""}"
PXL_20240501_214323113.jpg,2843546,"{}",358,209,"{""name"":""circle"",""cx"":119,""cy"":1810,""r"":61}","{""Class Label"":""0""}"
PXL_20240501_214323113.jpg,2843546,"{}",358,210,"{""name"":""circle"",""cx"":87,""cy"":1573,""r"":55}","{""Class Label"":""0""}"
PXL_20240501_214323113.jpg,2843546,"{}",358,211,"{""name"":""circle"",""cx"":35,""cy"":1698,""r"":57}","{""Class Label"":""0""}"
PXL_20240501_214323113.jpg,2843546,"{}",358,212,"{""name"":""circle"",""cx"":756,""cy"":1825,""r"":54}","{""Class Label"":""0""}"
PXL_20240501_214323113.jpg,2843546,"{}",358,213,"{""name"":""circle"",""cx"":822,""cy"":1708,""r"":53}","{""Class Label"":""0""}"
PXL_20240501_214323113.jpg,2843546,"{}",358,214,"{""name"":""circle"",""cx"":814,""cy"":1932,""r"":50}","{""Class Label"":""0""}"
PXL_20240501_214323113.jpg,2843546,"{}",358,215,"{""name"":""circle"",""cx"":886,""cy"":1817,""r"":50}","{""Class Label"":""0""}"
PXL_20240501_214323113.jpg,2843546,"{}",358,216,"{""name"":""circle"",""cx"":1001,""cy"":2052,""r"":53}","{""Class Label"":""0""}"
PXL_20240501_214323113.jpg,2843546,"{}",358,217,"{""name"":""circle"",""cx"":903,""cy"":2256,""r"":52}","{""Class Label"":""0""}"
PXL_20240501_214323113.jpg,2843546,"{}",358,218,"{""name"":""circle"",""cx"":830,""cy"":2331,""r"":49.658}","{""Class Label"":""0""}"
PXL_20240501_214323113.jpg,2843546,"{}",358,219,"{""name"":""circle"",""cx"":708,""cy"":2505,""r"":51}","{""Class Label"":""0""}"
PXL_20240501_214323113.jpg,2843546,"{}",358,220,"{""name"":""circle"",""cx"":817,""cy"":2448,""r"":55}","{""Class Label"":""0""}"
PXL_20240501_214323113.jpg,2843546,"{}",358,221,"{""name"":""circle"",""cx"":700,""cy"":2632,""r"":53}","{""Class Label"":""0""}"
PXL_20240501_214323113.jpg,2843546,"{}",358,222,"{""name"":""circle"",""cx"":791,""cy"":2566,""r"":54}","{""Class Label"":""0""}"
PXL_20240501_214323113.jpg,2843546,"{}",358,223,"{""name"":""circle"",""cx"":919,""cy"":2497,""r"":51.165}","{""Class Label"":""0""}"
PXL_20240501_214323113.jpg,2843546,"{}",358,224,"{""name"":""circle"",""cx"":893,""cy"":2620,""r"":51.085}","{""Class Label"":""0""}"
PXL_20240501_214323113.jpg,2843546,"{}",358,225,"{""name"":""circle"",""cx"":977,""cy"":2569,""r"":50}","{""Class Label"":""0""}"
PXL_20240501_214323113.jpg,2843546,"{}",358,226,"{""name"":""circle"",""cx"":1084,""cy"":2571,""r"":54}","{""Class Label"":""0""}"
PXL_20240501_214323113.jpg,2843546,"{}",358,227,"{""name"":""circle"",""cx"":1010,""cy"":2665,""r"":51.059}","{""Class Label"":""0""}"
PXL_20240501_214323113.jpg,2843546,"{}",358,228,"{""name"":""circle"",""cx"":797,""cy"":2704,""r"":52}","{""Class Label"":""0""}"
PXL_20240501_214323113.jpg,2843546,"{}",358,229,"{""name"":""circle"",""cx"":807,""cy"":2848,""r"":57}","{""Class Label"":""0""}"
PXL_20240501_214323113.jpg,2843546,"{}",358,230,"{""name"":""circle"",""cx"":940,""cy"":2872,""r"":52.706}","{""Class Label"":""0""}"
PXL_20240501_214323113.jpg,2843546,"{}",358,231,"{""name"":""circle"",""cx"":995,""cy"":3003,""r"":51.085}","{""Class Label"":""0""}"
PXL_20240501_214323113.jpg,2843546,"{}",358,232,"{""name"":""circle"",""cx"":766,""cy"":3120,""r"":60}","{""Class Label"":""0""}"
PXL_20240501_214323113.jpg,2843546,"{}",358,233,"{""name"":""circle"",""cx"":972,""cy"":3249,""r"":56}","{""Class Label"":""0""}"
PXL_20240501_214323113.jpg,2843546,"{}",358,234,"{""name"":""circle"",""cx"":906,""cy"":3119,""r"":56}","{""Class Label"":""0""}"
PXL_20240501_214323113.jpg,2843546,"{}",358,235,"{""name"":""circle"",""cx"":1048,""cy"":3123,""r"":56.024}","{""Class Label"":""0""}"
PXL_20240501_214323113.jpg,2843546,"{}",358,236,"{""name"":""circle"",""cx"":837,""cy"":3238,""r"":58}","{""Class Label"":""0""}"
PXL_20240501_214323113.jpg,2843546,"{}",358,237,"{""name"":""circle"",""cx"":880,""cy"":2981,""r"":57}","{""Class Label"":""0""}"
PXL_20240501_214323113.jpg,2843546,"{}",358,238,"{""name"":""circle"",""cx"":1127,""cy"":2999,""r"":55}","{""Class Label"":""0""}"
PXL_20240501_214323113.jpg,2843546,"{}",358,239,"{""name"":""circle"",""cx"":1066,""cy"":2894,""r"":59}","{""Class Label"":""0""}"
PXL_20240501_214323113.jpg,2843546,"{}",358,240,"{""name"":""circle"",""cx"":909,""cy"":2751,""r"":56}","{""Class Label"":""0""}"
PXL_20240501_214323113.jpg,2843546,"{}",358,241,"{""name"":""circle"",""cx"":1043,""cy"":2779,""r"":53}","{""Class Label"":""0""}"
PXL_20240501_214323113.jpg,2843546,"{}",358,242,"{""name"":""circle"",""cx"":1140,""cy"":2688,""r"":51.165}","{""Class Label"":""0""}"
PXL_20240501_214323113.jpg,2843546,"{}",358,243,"{""name"":""circle"",""cx"":1253,""cy"":2667,""r"":51}","{""Class Label"":""0""}"
PXL_20240501_214323113.jpg,2843546,"{}",358,244,"{""name"":""circle"",""cx"":1142,""cy"":2792,""r"":52}","{""Class Label"":""0""}"
PXL_20240501_214323113.jpg,2843546,"{}",358,245,"{""name"":""circle"",""cx"":1191,""cy"":2887,""r"":55}","{""Class Label"":""0""}"
PXL_20240501_214323113.jpg,2843546,"{}",358,246,"{""name"":""circle"",""cx"":1184,""cy"":3115,""r"":52.809}","{""Class Label"":""0""}"
PXL_20240501_214323113.jpg,2843546,"{}",358,247,"{""name"":""circle"",""cx"":1107,""cy"":3241,""r"":62}","{""Class Label"":""0""}"
PXL_20240501_214323113.jpg,2843546,"{}",358,248,"{""name"":""circle"",""cx"":1255,""cy"":2989,""r"":52}","{""Class Label"":""0""}"
PXL_20240501_214323113.jpg,2843546,"{}",358,249,"{""name"":""circle"",""cx"":1318,""cy"":2866,""r"":53}","{""Class Label"":""0""}"
PXL_20240501_214323113.jpg,2843546,"{}",358,250,"{""name"":""circle"",""cx"":1204,""cy"":2571,""r"":50}","{""Class Label"":""0""}"
PXL_20240501_214323113.jpg,2843546,"{}",358,251,"{""name"":""circle"",""cx"":1328,""cy"":2591,""r"":50}","{""Class Label"":""0""}"
PXL_20240501_214323113.jpg,2843546,"{}",358,252,"{""name"":""circle"",""cx"":1384,""cy"":2489,""r"":46}","{""Class Label"":""0""}"
PXL_20240501_214323113.jpg,2843546,"{}",358,253,"{""name"":""circle"",""cx"":1268,""cy"":2480,""r"":51}","{""Class Label"":""0""}"
PXL_20240501_214323113.jpg,2843546,"{}",358,254,"{""name"":""circle"",""cx"":1148,""cy"":2469,""r"":51}","{""Class Label"":""0""}"
PXL_20240501_214323113.jpg,2843546,"{}",358,255,"{""name"":""circle"",""cx"":1033,""cy"":2459,""r"":50}","{""Class Label"":""0""}"
PXL_20240501_214323113.jpg,2843546,"{}",358,256,"{""name"":""circle"",""cx"":945,""cy"":2378,""r"":51}","{""Class Label"":""0""}"
PXL_20240501_214323113.jpg,2843546,"{}",358,257,"{""name"":""circle"",""cx"":1079,""cy"":2369,""r"":52}","{""Class Label"":""0""}"
PXL_20240501_214323113.jpg,2843546,"{}",358,258,"{""name"":""circle"",""cx"":1207,""cy"":2378,""r"":49}","{""Class Label"":""0""}"
PXL_20240501_214323113.jpg,2843546,"{}",358,259,"{""name"":""circle"",""cx"":1326,""cy"":2380,""r"":53}","{""Class Label"":""0""}"
PXL_20240501_214323113.jpg,2843546,"{}",358,260,"{""name"":""circle"",""cx"":1443,""cy"":2392,""r"":51}","{""Class Label"":""0""}"
PXL_20240501_214323113.jpg,2843546,"{}",358,261,"{""name"":""circle"",""cx"":1566,""cy"":2393,""r"":54}","{""Class Label"":""0""}"
PXL_20240501_214323113.jpg,2843546,"{}",358,262,"{""name"":""circle"",""cx"":1504,""cy"":2502,""r"":52}","{""Class Label"":""0""}"
PXL_20240501_214323113.jpg,2843546,"{}",358,263,"{""name"":""circle"",""cx"":1627,""cy"":2505,""r"":52}","{""Class Label"":""0""}"
PXL_20240501_214323113.jpg,2843546,"{}",358,264,"{""name"":""circle"",""cx"":1696,""cy"":2387,""r"":51}","{""Class Label"":""0""}"
PXL_20240501_214323113.jpg,2843546,"{}",358,265,"{""name"":""circle"",""cx"":944,""cy"":2153,""r"":50}","{""Class Label"":""0""}"
PXL_20240501_214323113.jpg,2843546,"{}",358,266,"{""name"":""circle"",""cx"":1062,""cy"":2172,""r"":50}","{""Class Label"":""0""}"
PXL_20240501_214323113.jpg,2843546,"{}",358,267,"{""name"":""circle"",""cx"":1188,""cy"":2179,""r"":50}","{""Class Label"":""0""}"
PXL_20240501_214323113.jpg,2843546,"{}",358,268,"{""name"":""circle"",""cx"":1018,""cy"":2278,""r"":50}","{""Class Label"":""0""}"
PXL_20240501_214323113.jpg,2843546,"{}",358,269,"{""name"":""circle"",""cx"":1140,""cy"":2280,""r"":54}","{""Class Label"":""0""}"
PXL_20240501_214323113.jpg,2843546,"{}",358,270,"{""name"":""circle"",""cx"":1260,""cy"":2283,""r"":52}","{""Class Label"":""0""}"
PXL_20240501_214323113.jpg,2843546,"{}",358,271,"{""name"":""circle"",""cx"":1382,""cy"":2283,""r"":50}","{""Class Label"":""0""}"
PXL_20240501_214323113.jpg,2843546,"{}",358,272,"{""name"":""circle"",""cx"":1309,""cy"":2176,""r"":48}","{""Class Label"":""0""}"
PXL_20240501_214323113.jpg,2843546,"{}",358,273,"{""name"":""circle"",""cx"":1420,""cy"":2174,""r"":46}","{""Class Label"":""0""}"
PXL_20240501_214323113.jpg,2843546,"{}",358,274,"{""name"":""circle"",""cx"":1235,""cy"":2082,""r"":50}","{""Class Label"":""0""}"
PXL_20240501_214323113.jpg,2843546,"{}",358,275,"{""name"":""circle"",""cx"":1117,""cy"":2077,""r"":49}","{""Class Label"":""0""}"
PXL_20240501_214323113.jpg,2843546,"{}",358,276,"{""name"":""circle"",""cx"":1183,""cy"":1985,""r"":49}","{""Class Label"":""0""}"
PXL_20240501_214323113.jpg,2843546,"{}",358,277,"{""name"":""circle"",""cx"":1064,""cy"":1957,""r"":51}","{""Class Label"":""0""}"
PXL_20240501_214323113.jpg,2843546,"{}",358,278,"{""name"":""circle"",""cx"":937,""cy"":1937,""r"":53}","{""Class Label"":""0""}"
PXL_20240501_214323113.jpg,2843546,"{}",358,279,"{""name"":""circle"",""cx"":1011,""cy"":1828,""r"":50}","{""Class Label"":""0""}"
PXL_20240501_214323113.jpg,2843546,"{}",358,280,"{""name"":""circle"",""cx"":1104,""cy"":1757,""r"":51}","{""Class Label"":""0""}"
PXL_20240501_214323113.jpg,2843546,"{}",358,281,"{""name"":""circle"",""cx"":1069,""cy"":1662,""r"":47}","{""Class Label"":""0""}"
PXL_20240501_214323113.jpg,2843546,"{}",358,282,"{""name"":""circle"",""cx"":954,""cy"":1705,""r"":54}","{""Class Label"":""0""}"
PXL_20240501_214323113.jpg,2843546,"{}",358,283,"{""name"":""circle"",""cx"":865,""cy"":1591,""r"":51.059}","{""Class Label"":""0""}"
PXL_20240501_214323113.jpg,2843546,"{}",358,284,"{""name"":""circle"",""cx"":1122,""cy"":1547,""r"":51}","{""Class Label"":""0""}"
PXL_20240501_214323113.jpg,2843546,"{}",358,285,"{""name"":""circle"",""cx"":1224,""cy"":1507,""r"":52}","{""Class Label"":""0""}"
PXL_20240501_214323113.jpg,2843546,"{}",358,286,"{""name"":""circle"",""cx"":988,""cy"":1573,""r"":51.085}","{""Class Label"":""0""}"
PXL_20240501_214323113.jpg,2843546,"{}",358,287,"{""name"":""circle"",""cx"":1033,""cy"":1456,""r"":52}","{""Class Label"":""0""}"
PXL_20240501_214323113.jpg,2843546,"{}",358,288,"{""name"":""circle"",""cx"":1150,""cy"":1421,""r"":54}","{""Class Label"":""0""}"
PXL_20240501_214323113.jpg,2843546,"{}",358,289,"{""name"":""circle"",""cx"":1267,""cy"":1384,""r"":48}","{""Class Label"":""0""}"
PXL_20240501_214323113.jpg,2843546,"{}",358,290,"{""name"":""circle"",""cx"":1324,""cy"":1278,""r"":52}","{""Class Label"":""0""}"
PXL_20240501_214323113.jpg,2843546,"{}",358,291,"{""name"":""circle"",""cx"":1390,""cy"":1364,""r"":53}","{""Class Label"":""0""}"
PXL_20240501_214323113.jpg,2843546,"{}",358,292,"{""name"":""circle"",""cx"":1347,""cy"":1481,""r"":51}","{""Class Label"":""0""}"
PXL_20240501_214323113.jpg,2843546,"{}",358,293,"{""name"":""circle"",""cx"":1298,""cy"":1603,""r"":48}","{""Class Label"":""0""}"
PXL_20240501_214323113.jpg,2843546,"{}",358,294,"{""name"":""circle"",""cx"":1212,""cy"":1784,""r"":44}","{""Class Label"":""0""}"
PXL_20240501_214323113.jpg,2843546,"{}",358,295,"{""name"":""circle"",""cx"":1192,""cy"":1659,""r"":49}","{""Class Label"":""0""}"
PXL_20240501_214323113.jpg,2843546,"{}",358,296,"{""name"":""circle"",""cx"":1128,""cy"":1864,""r"":48}","{""Class Label"":""0""}"
PXL_20240501_214323113.jpg,2843546,"{}",358,297,"{""name"":""circle"",""cx"":1245,""cy"":1892,""r"":51}","{""Class Label"":""0""}"
PXL_20240501_214323113.jpg,2843546,"{}",358,298,"{""name"":""circle"",""cx"":1347,""cy"":1861,""r"":53}","{""Class Label"":""0""}"
PXL_20240501_214323113.jpg,2843546,"{}",358,299,"{""name"":""circle"",""cx"":1295,""cy"":1995,""r"":48}","{""Class Label"":""0""}"
PXL_20240501_214323113.jpg,2843546,"{}",358,300,"{""name"":""circle"",""cx"":1403,""cy"":1983,""r"":51}","{""Class Label"":""0""}"
PXL_20240501_214323113.jpg,2843546,"{}",358,301,"{""name"":""circle"",""cx"":1304,""cy"":1729,""r"":50}","{""Class Label"":""0""}"
PXL_20240501_214323113.jpg,2843546,"{}",358,302,"{""name"":""circle"",""cx"":1385,""cy"":1672,""r"":52}","{""Class Label"":""0""}"
PXL_20240501_214323113.jpg,2843546,"{}",358,303,"{""name"":""circle"",""cx"":1412,""cy"":1580,""r"":53}","{""Class Label"":""0""}"
PXL_20240501_214323113.jpg,2843546,"{}",358,304,"{""name"":""circle"",""cx"":1514,""cy"":1565,""r"":46}","{""Class Label"":""0""}"
PXL_20240501_214323113.jpg,2843546,"{}",358,305,"{""name"":""circle"",""cx"":1407,""cy"":1766,""r"":50}","{""Class Label"":""0""}"
PXL_20240501_214323113.jpg,2843546,"{}",358,306,"{""name"":""circle"",""cx"":1509,""cy"":1787,""r"":47.793}","{""Class Label"":""0""}"
PXL_20240501_214323113.jpg,2843546,"{}",358,307,"{""name"":""circle"",""cx"":1459,""cy"":1884,""r"":48}","{""Class Label"":""0""}"
PXL_20240501_214323113.jpg,2843546,"{}",358,308,"{""name"":""circle"",""cx"":1499,""cy"":2284,""r"":49}","{""Class Label"":""0""}"
PXL_20240501_214323113.jpg,2843546,"{}",358,309,"{""name"":""circle"",""cx"":1611,""cy"":2284,""r"":47}","{""Class Label"":""0""}"
PXL_20240501_214323113.jpg,2843546,"{}",358,310,"{""name"":""circle"",""cx"":1535,""cy"":2172,""r"":48}","{""Class Label"":""0""}"
PXL_20240501_214323113.jpg,2843546,"{}",358,311,"{""name"":""circle"",""cx"":1471,""cy"":2080,""r"":48}","{""Class Label"":""0""}"
PXL_20240501_214323113.jpg,2843546,"{}",358,312,"{""name"":""circle"",""cx"":1522,""cy"":1986,""r"":50}","{""Class Label"":""0""}"
PXL_20240501_214323113.jpg,2843546,"{}",358,313,"{""name"":""circle"",""cx"":1596,""cy"":2059,""r"":48}","{""Class Label"":""0""}"
PXL_20240501_214323113.jpg,2843546,"{}",358,314,"{""name"":""circle"",""cx"":1578,""cy"":1871,""r"":49.439}","{""Class Label"":""0""}"
PXL_20240501_214323113.jpg,2843546,"{}",358,315,"{""name"":""circle"",""cx"":1598,""cy"":1746,""r"":48.02}","{""Class Label"":""0""}"
PXL_20240501_214323113.jpg,2843546,"{}",358,316,"{""name"":""circle"",""cx"":1606,""cy"":1634,""r"":53}","{""Class Label"":""0""}"
PXL_20240501_214323113.jpg,2843546,"{}",358,317,"{""name"":""circle"",""cx"":1695,""cy"":1482,""r"":52.732}","{""Class Label"":""0""}"
PXL_20240501_214323113.jpg,2843546,"{}",358,318,"{""name"":""circle"",""cx"":1621,""cy"":1387,""r"":51}","{""Class Label"":""0""}"
PXL_20240501_214323113.jpg,2843546,"{}",358,319,"{""name"":""circle"",""cx"":1598,""cy"":1492,""r"":47}","{""Class Label"":""0""}"
PXL_20240501_214323113.jpg,2843546,"{}",358,320,"{""name"":""circle"",""cx"":1713,""cy"":1573,""r"":51}","{""Class Label"":""0""}"
PXL_20240501_214323113.jpg,2843546,"{}",358,321,"{""name"":""circle"",""cx"":1790,""cy"":1469,""r"":50}","{""Class Label"":""0""}"
PXL_20240501_214323113.jpg,2843546,"{}",358,322,"{""name"":""circle"",""cx"":1784,""cy"":1668,""r"":51}","{""Class Label"":""0""}"
PXL_20240501_214323113.jpg,2843546,"{}",358,323,"{""name"":""circle"",""cx"":1692,""cy"":1710,""r"":47}","{""Class Label"":""0""}"
PXL_20240501_214323113.jpg,2843546,"{}",358,324,"{""name"":""circle"",""cx"":1891,""cy"":1705,""r"":47}","{""Class Label"":""0""}"
PXL_20240501_214323113.jpg,2843546,"{}",358,325,"{""name"":""circle"",""cx"":1678,""cy"":1832,""r"":47}","{""Class Label"":""0""}"
PXL_20240501_214323113.jpg,2843546,"{}",358,326,"{""name"":""circle"",""cx"":1787,""cy"":1782,""r"":50}","{""Class Label"":""0""}"
PXL_20240501_214323113.jpg,2843546,"{}",358,327,"{""name"":""circle"",""cx"":1779,""cy"":1906,""r"":49.439}","{""Class Label"":""0""}"
PXL_20240501_214323113.jpg,2843546,"{}",358,328,"{""name"":""circle"",""cx"":1884,""cy"":1968,""r"":51.085}","{""Class Label"":""0""}"
PXL_20240501_214323113.jpg,2843546,"{}",358,329,"{""name"":""circle"",""cx"":2014,""cy"":2021,""r"":50}","{""Class Label"":""0""}"
PXL_20240501_214323113.jpg,2843546,"{}",358,330,"{""name"":""circle"",""cx"":1756,""cy"":2140,""r"":48}","{""Class Label"":""0""}"
PXL_20240501_214323113.jpg,2843546,"{}",358,331,"{""name"":""circle"",""cx"":1748,""cy"":2023,""r"":48}","{""Class Label"":""0""}"
PXL_20240501_214323113.jpg,2843546,"{}",358,332,"{""name"":""circle"",""cx"":1637,""cy"":2161,""r"":47}","{""Class Label"":""0""}"
PXL_20240501_214323113.jpg,2843546,"{}",358,333,"{""name"":""circle"",""cx"":1653,""cy"":1949,""r"":56.024}","{""Class Label"":""0""}"
PXL_20240501_214323113.jpg,2843546,"{}",358,334,"{""name"":""circle"",""cx"":1888,""cy"":1836,""r"":50}","{""Class Label"":""0""}"
PXL_20240501_214323113.jpg,2843546,"{}",358,335,"{""name"":""circle"",""cx"":1983,""cy"":1665,""r"":49}","{""Class Label"":""0""}"
PXL_20240501_214323113.jpg,2843546,"{}",358,336,"{""name"":""circle"",""cx"":1955,""cy"":1580,""r"":47}","{""Class Label"":""0""}"
PXL_20240501_214323113.jpg,2843546,"{}",358,337,"{""name"":""circle"",""cx"":2077,""cy"":1598,""r"":51}","{""Class Label"":""0""}"
PXL_20240501_214323113.jpg,2843546,"{}",358,338,"{""name"":""circle"",""cx"":1983,""cy"":1764,""r"":45}","{""Class Label"":""0""}"
PXL_20240501_214323113.jpg,2843546,"{}",358,339,"{""name"":""circle"",""cx"":2191,""cy"":1871,""r"":49}","{""Class Label"":""0""}"
PXL_20240501_214323113.jpg,2843546,"{}",358,340,"{""name"":""circle"",""cx"":2189,""cy"":1769,""r"":53}","{""Class Label"":""0""}"
PXL_20240501_214323113.jpg,2843546,"{}",358,341,"{""name"":""circle"",""cx"":1989,""cy"":2225,""r"":49.439}","{""Class Label"":""0""}"
PXL_20240501_214323113.jpg,2843546,"{}",358,342,"{""name"":""circle"",""cx"":1728,""cy"":2250,""r"":53}","{""Class Label"":""0""}"
PXL_20240501_214323113.jpg,2843546,"{}",358,343,"{""name"":""circle"",""cx"":2104,""cy"":1946,""r"":49.439}","{""Class Label"":""0""}"
PXL_20240501_214323113.jpg,2843546,"{}",358,344,"{""name"":""circle"",""cx"":1856,""cy"":2210,""r"":49.439}","{""Class Label"":""0""}"
PXL_20240501_214323113.jpg,2843546,"{}",358,345,"{""name"":""circle"",""cx"":2088,""cy"":1834,""r"":36.235}","{""Class Label"":""0""}"
PXL_20240501_214323113.jpg,2843546,"{}",358,346,"{""name"":""circle"",""cx"":2259,""cy"":1969,""r"":56.024}","{""Class Label"":""0""}"
PXL_20240501_214323113.jpg,2843546,"{}",358,347,"{""name"":""circle"",""cx"":2157,""cy"":2050,""r"":49.439}","{""Class Label"":""0""}"
PXL_20240501_214323113.jpg,2843546,"{}",358,348,"{""name"":""circle"",""cx"":2533,""cy"":1734,""r"":51}","{""Class Label"":""0""}"
PXL_20240501_214323113.jpg,2843546,"{}",358,349,"{""name"":""circle"",""cx"":2303,""cy"":1715,""r"":53}","{""Class Label"":""0""}"
PXL_20240501_214323113.jpg,2843546,"{}",358,350,"{""name"":""circle"",""cx"":2406,""cy"":1668,""r"":55}","{""Class Label"":""0""}"
PXL_20240501_214323113.jpg,2843546,"{}",358,351,"{""name"":""circle"",""cx"":2517,""cy"":1599,""r"":52}","{""Class Label"":""0""}"
PXL_20240501_214323113.jpg,2843546,"{}",358,352,"{""name"":""circle"",""cx"":2164,""cy"":1659,""r"":53}","{""Class Label"":""0""}"
PXL_20240501_214323113.jpg,2843546,"{}",358,353,"{""name"":""circle"",""cx"":2283,""cy"":1488,""r"":49.412}","{""Class Label"":""0""}"
PXL_20240501_214323113.jpg,2843546,"{}",358,354,"{""name"":""circle"",""cx"":2179,""cy"":1543,""r"":51}","{""Class Label"":""0""}"
PXL_20240501_214323113.jpg,2843546,"{}",358,355,"{""name"":""circle"",""cx"":2410,""cy"":1430,""r"":53}","{""Class Label"":""0""}"
PXL_20240501_214323113.jpg,2843546,"{}",358,356,"{""name"":""circle"",""cx"":2265,""cy"":1627,""r"":51.059}","{""Class Label"":""0""}"
PXL_20240501_214323113.jpg,2843546,"{}",358,357,"{""name"":""circle"",""cx"":2410,""cy"":1792,""r"":59.317}","{""Class Label"":""0""}"
PXL_20240521_191832308.jpg,3494577,"{}",543,0,"{""name"":""circle"",""cx"":1333,""cy"":647,""r"":43.494}","{""Class Label"":""0""}"
PXL_20240521_191832308.jpg,3494577,"{}",543,1,"{""name"":""circle"",""cx"":1537,""cy"":695,""r"":43}","{""Class Label"":""1""}"
PXL_20240521_191832308.jpg,3494577,"{}",543,2,"{""name"":""circle"",""cx"":1363,""cy"":747,""r"":43}","{""Class Label"":""0""}"
PXL_20240521_191832308.jpg,3494577,"{}",543,3,"{""name"":""circle"",""cx"":1466,""cy"":770,""r"":43}","{""Class Label"":""0""}"
PXL_20240521_191832308.jpg,3494577,"{}",543,4,"{""name"":""circle"",""cx"":1611,""cy"":617,""r"":43}","{""Class Label"":""0""}"
PXL_20240521_191832308.jpg,3494577,"{}",543,5,"{""name"":""circle"",""cx"":1261,""cy"":728,""r"":43}","{""Class Label"":""0""}"
PXL_20240521_191832308.jpg,3494577,"{}",543,6,"{""name"":""circle"",""cx"":1569,""cy"":793,""r"":43}","{""Class Label"":""0""}"
PXL_20240521_191832308.jpg,3494577,"{}",543,7,"{""name"":""circle"",""cx"":1638,""cy"":719,""r"":43}","{""Class Label"":""0""}"
PXL_20240521_191832308.jpg,3494577,"{}",543,8,"{""name"":""circle"",""cx"":1708,""cy"":640,""r"":43}","{""Class Label"":""1""}"
PXL_20240521_191832308.jpg,3494577,"{}",543,9,"{""name"":""circle"",""cx"":1680,""cy"":810,""r"":43}","{""Class Label"":""0""}"
PXL_20240521_191832308.jpg,3494577,"{}",543,10,"{""name"":""circle"",""cx"":1294,""cy"":829,""r"":43}","{""Class Label"":""0""}"
PXL_20240521_191832308.jpg,3494577,"{}",543,11,"{""name"":""circle"",""cx"":1398,""cy"":850,""r"":43}","{""Class Label"":""0""}"
PXL_20240521_191832308.jpg,3494577,"{}",543,12,"{""name"":""circle"",""cx"":1187,""cy"":812,""r"":43}","{""Class Label"":""0""}"
PXL_20240521_191832308.jpg,3494577,"{}",543,13,"{""name"":""circle"",""cx"":1502,""cy"":870,""r"":43}","{""Class Label"":""0""}"
PXL_20240521_191832308.jpg,3494577,"{}",543,14,"{""name"":""circle"",""cx"":1766,""cy"":738,""r"":43}","{""Class Label"":""0""}"
PXL_20240521_191832308.jpg,3494577,"{}",543,15,"{""name"":""circle"",""cx"":1805,""cy"":639,""r"":41.015}","{""Class Label"":""0""}"
PXL_20240521_191832308.jpg,3494577,"{}",543,16,"{""name"":""circle"",""cx"":1878,""cy"":709,""r"":41.92}","{""Class Label"":""0""}"
PXL_20240521_191832308.jpg,3494577,"{}",543,17,"{""name"":""circle"",""cx"":1869,""cy"":809,""r"":43}","{""Class Label"":""1""}"
PXL_20240521_191832308.jpg,3494577,"{}",543,18,"{""name"":""circle"",""cx"":1709,""cy"":915,""r"":43}","{""Class Label"":""0""}"
PXL_20240521_191832308.jpg,3494577,"{}",543,19,"{""name"":""circle"",""cx"":1433,""cy"":671,""r"":43}","{""Class Label"":""0""}"
PXL_20240521_191832308.jpg,3494577,"{}",543,20,"{""name"":""circle"",""cx"":1607,""cy"":886,""r"":43}","{""Class Label"":""0""}"
PXL_20240521_191832308.jpg,3494577,"{}",543,21,"{""name"":""circle"",""cx"":1839,""cy"":921,""r"":43}","{""Class Label"":""0""}"
PXL_20240521_191832308.jpg,3494577,"{}",543,22,"{""name"":""circle"",""cx"":1940,""cy"":880,""r"":43}","{""Class Label"":""0""}"
PXL_20240521_191832308.jpg,3494577,"{}",543,23,"{""name"":""circle"",""cx"":1639,""cy"":985,""r"":43}","{""Class Label"":""0""}"
PXL_20240521_191832308.jpg,3494577,"{}",543,24,"{""name"":""circle"",""cx"":1747,""cy"":1006,""r"":43}","{""Class Label"":""0""}"
PXL_20240521_191832308.jpg,3494577,"{}",543,25,"{""name"":""circle"",""cx"":1842,""cy"":1023,""r"":43}","{""Class Label"":""1""}"
PXL_20240521_191832308.jpg,3494577,"{}",543,26,"{""name"":""circle"",""cx"":1928,""cy"":981,""r"":43}","{""Class Label"":""1""}"
PXL_20240521_191832308.jpg,3494577,"{}",543,27,"{""name"":""circle"",""cx"":1537,""cy"":965,""r"":43}","{""Class Label"":""0""}"
PXL_20240521_191832308.jpg,3494577,"{}",543,28,"{""name"":""circle"",""cx"":1434,""cy"":952,""r"":43}","{""Class Label"":""1""}"
PXL_20240521_191832308.jpg,3494577,"{}",543,29,"{""name"":""circle"",""cx"":1334,""cy"":932,""r"":43}","{""Class Label"":""0""}"
PXL_20240521_191832308.jpg,3494577,"{}",543,30,"{""name"":""circle"",""cx"":1230,""cy"":915,""r"":43}","{""Class Label"":""0""}"
PXL_20240521_191832308.jpg,3494577,"{}",543,31,"{""name"":""circle"",""cx"":1574,""cy"":1062,""r"":43}","{""Class Label"":""1""}"
PXL_20240521_191832308.jpg,3494577,"{}",543,32,"{""name"":""circle"",""cx"":1473,""cy"":1049,""r"":43}","{""Class Label"":""1""}"
PXL_20240521_191832308.jpg,3494577,"{}",543,33,"{""name"":""circle"",""cx"":1678,""cy"":1080,""r"":42.874}","{""Class Label"":""0""}"
PXL_20240521_191832308.jpg,3494577,"{}",543,34,"{""name"":""circle"",""cx"":1792,""cy"":1113,""r"":43}","{""Class Label"":""1""}"
PXL_20240521_191832308.jpg,3494577,"{}",543,35,"{""name"":""circle"",""cx"":1969,""cy"":1121,""r"":43}","{""Class Label"":""1""}"
PXL_20240521_191832308.jpg,3494577,"{}",543,36,"{""name"":""circle"",""cx"":1897,""cy"":1104,""r"":43.077}","{""Class Label"":""0""}"
PXL_20240521_191832308.jpg,3494577,"{}",543,37,"{""name"":""circle"",""cx"":1995,""cy"":1049,""r"":43}","{""Class Label"":""0""}"
PXL_20240521_191832308.jpg,3494577,"{}",543,38,"{""name"":""circle"",""cx"":2039,""cy"":841,""r"":43}","{""Class Label"":""0""}"
PXL_20240521_191832308.jpg,3494577,"{}",543,39,"{""name"":""circle"",""cx"":1963,""cy"":776,""r"":43}","{""Class Label"":""0""}"
PXL_20240521_191832308.jpg,3494577,"{}",543,40,"{""name"":""circle"",""cx"":2058,""cy"":738,""r"":43}","{""Class Label"":""0""}"
PXL_20240521_191832308.jpg,3494577,"{}",543,41,"{""name"":""circle"",""cx"":2138,""cy"":806,""r"":43}","{""Class Label"":""0""}"
PXL_20240521_191832308.jpg,3494577,"{}",543,42,"{""name"":""circle"",""cx"":2122,""cy"":908,""r"":43}","{""Class Label"":""1""}"
PXL_20240521_191832308.jpg,3494577,"{}",543,43,"{""name"":""circle"",""cx"":2219,""cy"":875,""r"":43}","{""Class Label"":""0""}"
PXL_20240521_191832308.jpg,3494577,"{}",543,44,"{""name"":""circle"",""cx"":2093,""cy"":1014,""r"":43}","{""Class Label"":""1""}"
PXL_20240521_191832308.jpg,3494577,"{}",543,45,"{""name"":""circle"",""cx"":2073,""cy"":1095,""r"":43}","{""Class Label"":""1""}"
PXL_20240521_191832308.jpg,3494577,"{}",543,46,"{""name"":""circle"",""cx"":2170,""cy"":1075,""r"":43}","{""Class Label"":""1""}"
PXL_20240521_191832308.jpg,3494577,"{}",543,47,"{""name"":""circle"",""cx"":2192,""cy"":979,""r"":43}","{""Class Label"":""0""}"
PXL_20240521_191832308.jpg,3494577,"{}",543,48,"{""name"":""circle"",""cx"":2039,""cy"":1195,""r"":42.012}","{""Class Label"":""0""}"
PXL_20240521_191832308.jpg,3494577,"{}",543,49,"{""name"":""circle"",""cx"":1772,""cy"":839,""r"":43}","{""Class Label"":""0""}"
PXL_20240521_191832308.jpg,3494577,"{}",543,50,"{""name"":""circle"",""cx"":1936,""cy"":1201,""r"":42.012}","{""Class Label"":""0""}"
PXL_20240521_191832308.jpg,3494577,"{}",543,51,"{""name"":""circle"",""cx"":2106,""cy"":1270,""r"":42.012}","{""Class Label"":""1""}"
PXL_20240521_191832308.jpg,3494577,"{}",543,52,"{""name"":""circle"",""cx"":1997,""cy"":1280,""r"":42.012}","{""Class Label"":""1""}"
PXL_20240521_191832308.jpg,3494577,"{}",543,53,"{""name"":""circle"",""cx"":2207,""cy"":1246,""r"":42.012}","{""Class Label"":""1""}"
PXL_20240521_191832308.jpg,3494577,"{}",543,54,"{""name"":""circle"",""cx"":2241,""cy"":1146,""r"":42.012}","{""Class Label"":""0""}"
PXL_20240521_191832308.jpg,3494577,"{}",543,55,"{""name"":""circle"",""cx"":1841,""cy"":1202,""r"":42.012}","{""Class Label"":""0""}"
PXL_20240521_191832308.jpg,3494577,"{}",543,56,"{""name"":""circle"",""cx"":1890,""cy"":1291,""r"":42.012}","{""Class Label"":""1""}"
PXL_20240521_191832308.jpg,3494577,"{}",543,57,"{""name"":""circle"",""cx"":1712,""cy"":1177,""r"":42.012}","{""Class Label"":""1""}"
PXL_20240521_191832308.jpg,3494577,"{}",543,58,"{""name"":""circle"",""cx"":1615,""cy"":1160,""r"":42.012}","{""Class Label"":""1""}"
PXL_20240521_191832308.jpg,3494577,"{}",543,59,"{""name"":""circle"",""cx"":1511,""cy"":1147,""r"":42.012}","{""Class Label"":""0""}"
PXL_20240521_191832308.jpg,3494577,"{}",543,60,"{""name"":""circle"",""cx"":1551,""cy"":1238,""r"":42.012}","{""Class Label"":""1""}"
PXL_20240521_191832308.jpg,3494577,"{}",543,61,"{""name"":""circle"",""cx"":1700,""cy"":1316,""r"":42.012}","{""Class Label"":""1""}"
PXL_20240521_191832308.jpg,3494577,"{}",543,62,"{""name"":""circle"",""cx"":1759,""cy"":1262,""r"":39.647}","{""Class Label"":""1""}"
PXL_20240521_191832308.jpg,3494577,"{}",543,63,"{""name"":""circle"",""cx"":1653,""cy"":1254,""r"":42.012}","{""Class Label"":""1""}"
PXL_20240521_191832308.jpg,3494577,"{}",543,64,"{""name"":""circle"",""cx"":1810,""cy"":1317,""r"":42.012}","{""Class Label"":""1""}"
PXL_20240521_191832308.jpg,3494577,"{}",543,65,"{""name"":""circle"",""cx"":1952,""cy"":1374,""r"":42.012}","{""Class Label"":""1""}"
PXL_20240521_191832308.jpg,3494577,"{}",543,66,"{""name"":""circle"",""cx"":1852,""cy"":1390,""r"":42.012}","{""Class Label"":""1""}"
PXL_20240521_191832308.jpg,3494577,"{}",543,67,"{""name"":""circle"",""cx"":1755,""cy"":1403,""r"":42.012}","{""Class Label"":""0""}"
PXL_20240521_191832308.jpg,3494577,"{}",543,68,"{""name"":""circle"",""cx"":1649,""cy"":1408,""r"":42.012}","{""Class Label"":""1""}"
PXL_20240521_191832308.jpg,3494577,"{}",543,69,"{""name"":""circle"",""cx"":1587,""cy"":1325,""r"":42.012}","{""Class Label"":""1""}"
PXL_20240521_191832308.jpg,3494577,"{}",543,70,"{""name"":""circle"",""cx"":1406,""cy"":1131,""r"":42.012}","{""Class Label"":""1""}"
PXL_20240521_191832308.jpg,3494577,"{}",543,71,"{""name"":""circle"",""cx"":1449,""cy"":1228,""r"":42.012}","{""Class Label"":""0""}"
PXL_20240521_191832308.jpg,3494577,"{}",543,72,"{""name"":""circle"",""cx"":1496,""cy"":1319,""r"":42.012}","{""Class Label"":""1""}"
PXL_20240521_191832308.jpg,3494577,"{}",543,73,"{""name"":""circle"",""cx"":1541,""cy"":1410,""r"":42.012}","{""Class Label"":""0""}"
PXL_20240521_191832308.jpg,3494577,"{}",543,74,"{""name"":""circle"",""cx"":1667,""cy"":1578,""r"":42.012}","{""Class Label"":""1""}"
PXL_20240521_191832308.jpg,3494577,"{}",543,75,"{""name"":""circle"",""cx"":1810,""cy"":1483,""r"":42.012}","{""Class Label"":""1""}"
PXL_20240521_191832308.jpg,3494577,"{}",543,76,"{""name"":""circle"",""cx"":2141,""cy"":1173,""r"":42.012}","{""Class Label"":""0""}"
PXL_20240521_191832308.jpg,3494577,"{}",543,77,"{""name"":""circle"",""cx"":1887,""cy"":1565,""r"":40.866}","{""Class Label"":""1""}"
PXL_20240521_191832308.jpg,3494577,"{}",543,78,"{""name"":""circle"",""cx"":1870,""cy"":1556,""r"":44.93}","{""Class Label"":""0""}"
PXL_20240521_191832308.jpg,3494577,"{}",543,79,"{""name"":""circle"",""cx"":1969,""cy"":1526,""r"":42.012}","{""Class Label"":""0""}"
PXL_20240521_191832308.jpg,3494577,"{}",543,80,"{""name"":""circle"",""cx"":1523,""cy"":1545,""r"":42.012}","{""Class Label"":""0""}"
PXL_20240521_191832308.jpg,3494577,"{}",543,81,"{""name"":""circle"",""cx"":1711,""cy"":1486,""r"":42.012}","{""Class Label"":""1""}"
PXL_20240521_191832308.jpg,3494577,"{}",543,82,"{""name"":""circle"",""cx"":1580,""cy"":1622,""r"":42.012}","{""Class Label"":""1""}"
PXL_20240521_191832308.jpg,3494577,"{}",543,83,"{""name"":""circle"",""cx"":1642,""cy"":1696,""r"":42.012}","{""Class Label"":""1""}"
PXL_20240521_191832308.jpg,3494577,"{}",543,84,"{""name"":""circle"",""cx"":1769,""cy"":1717,""r"":42.012}","{""Class Label"":""0""}"
PXL_20240521_191832308.jpg,3494577,"{}",543,85,"{""name"":""circle"",""cx"":1470,""cy"":1470,""r"":42.012}","{""Class Label"":""1""}"
PXL_20240521_191832308.jpg,3494577,"{}",543,86,"{""name"":""circle"",""cx"":1342,""cy"":1212,""r"":42.012}","{""Class Label"":""0""}"
PXL_20240521_191832308.jpg,3494577,"{}",543,87,"{""name"":""circle"",""cx"":1604,""cy"":1493,""r"":42.012}","{""Class Label"":""1""}"
PXL_20240521_191832308.jpg,3494577,"{}",543,88,"{""name"":""circle"",""cx"":1385,""cy"":1304,""r"":42.012}","{""Class Label"":""1""}"
PXL_20240521_191832308.jpg,3494577,"{}",543,89,"{""name"":""circle"",""cx"":1328,""cy"":1387,""r"":42.012}","{""Class Label"":""1""}"
PXL_20240521_191832308.jpg,3494577,"{}",543,90,"{""name"":""circle"",""cx"":1366,""cy"":1471,""r"":42.012}","{""Class Label"":""1""}"
PXL_20240521_191832308.jpg,3494577,"{}",543,91,"{""name"":""circle"",""cx"":1421,""cy"":1557,""r"":42.012}","{""Class Label"":""0""}"
PXL_20240521_191832308.jpg,3494577,"{}",543,92,"{""name"":""circle"",""cx"":1276,""cy"":1473,""r"":42.012}","{""Class Label"":""0""}"
PXL_20240521_191832308.jpg,3494577,"{}",543,93,"{""name"":""circle"",""cx"":1282,""cy"":1295,""r"":42.012}","{""Class Label"":""0""}"
PXL_20240521_191832308.jpg,3494577,"{}",543,94,"{""name"":""circle"",""cx"":1227,""cy"":1385,""r"":42.012}","{""Class Label"":""1""}"
PXL_20240521_191832308.jpg,3494577,"{}",543,95,"{""name"":""circle"",""cx"":1327,""cy"":1561,""r"":42.012}","{""Class Label"":""1""}"
PXL_20240521_191832308.jpg,3494577,"{}",543,96,"{""name"":""circle"",""cx"":1382,""cy"":1644,""r"":42.012}","{""Class Label"":""0""}"
PXL_20240521_191832308.jpg,3494577,"{}",543,97,"{""name"":""circle"",""cx"":1180,""cy"":1293,""r"":42.012}","{""Class Label"":""0""}"
PXL_20240521_191832308.jpg,3494577,"{}",543,98,"{""name"":""circle"",""cx"":1125,""cy"":1386,""r"":43.059}","{""Class Label"":""1""}"
PXL_20240521_191832308.jpg,3494577,"{}",543,99,"{""name"":""circle"",""cx"":1075,""cy"":1294,""r"":42.012}","{""Class Label"":""0""}"
PXL_20240521_191832308.jpg,3494577,"{}",543,100,"{""name"":""circle"",""cx"":1022,""cy"":1388,""r"":42.012}","{""Class Label"":""0""}"
PXL_20240521_191832308.jpg,3494577,"{}",543,101,"{""name"":""circle"",""cx"":1174,""cy"":1474,""r"":42.012}","{""Class Label"":""1""}"
PXL_20240521_191832308.jpg,3494577,"{}",543,102,"{""name"":""circle"",""cx"":1228,""cy"":1564,""r"":42.012}","{""Class Label"":""1""}"
PXL_20240521_191832308.jpg,3494577,"{}",543,103,"{""name"":""circle"",""cx"":1124,""cy"":1569,""r"":42.012}","{""Class Label"":""1""}"
PXL_20240521_191832308.jpg,3494577,"{}",543,104,"{""name"":""circle"",""cx"":965,""cy"":1487,""r"":42.012}","{""Class Label"":""1""}"
PXL_20240521_191832308.jpg,3494577,"{}",543,105,"{""name"":""circle"",""cx"":1426,""cy"":1388,""r"":42.012}","{""Class Label"":""1""}"
PXL_20240521_191832308.jpg,3494577,"{}",543,106,"{""name"":""circle"",""cx"":917,""cy"":1396,""r"":42.012}","{""Class Label"":""0""}"
PXL_20240521_191832308.jpg,3494577,"{}",543,107,"{""name"":""circle"",""cx"":969,""cy"":1301,""r"":42.012}","{""Class Label"":""0""}"
PXL_20240521_191832308.jpg,3494577,"{}",543,108,"{""name"":""circle"",""cx"":904,""cy"":1582,""r"":42.012}","{""Class Label"":""0""}"
PXL_20240521_191832308.jpg,3494577,"{}",543,109,"{""name"":""circle"",""cx"":861,""cy"":1485,""r"":42.012}","{""Class Label"":""0""}"
PXL_20240521_191832308.jpg,3494577,"{}",543,110,"{""name"":""circle"",""cx"":861,""cy"":1303,""r"":42.012}","{""Class Label"":""0""}"
PXL_20240521_191832308.jpg,3494577,"{}",543,111,"{""name"":""circle"",""cx"":1020,""cy"":1204,""r"":42.012}","{""Class Label"":""0""}"
PXL_20240521_191832308.jpg,3494577,"{}",543,112,"{""name"":""circle"",""cx"":1128,""cy"":1201,""r"":42.012}","{""Class Label"":""0""}"
PXL_20240521_191832308.jpg,3494577,"{}",543,113,"{""name"":""circle"",""cx"":1233,""cy"":1202,""r"":42.012}","{""Class Label"":""0""}"
PXL_20240521_191832308.jpg,3494577,"{}",543,114,"{""name"":""circle"",""cx"":915,""cy"":1209,""r"":42.012}","{""Class Label"":""0""}"
PXL_20240521_191832308.jpg,3494577,"{}",543,115,"{""name"":""circle"",""cx"":808,""cy"":1393,""r"":42.012}","{""Class Label"":""0""}"
PXL_20240521_191832308.jpg,3494577,"{}",543,116,"{""name"":""circle"",""cx"":799,""cy"":1213,""r"":42.012}","{""Class Label"":""0""}"
PXL_20240521_191832308.jpg,3494577,"{}",543,117,"{""name"":""circle"",""cx"":1071,""cy"":1481,""r"":42.012}","{""Class Label"":""1""}"
PXL_20240521_191832308.jpg,3494577,"{}",543,118,"{""name"":""circle"",""cx"":971,""cy"":1662,""r"":42.012}","{""Class Label"":""1""}"
PXL_20240521_191832308.jpg,3494577,"{}",543,119,"{""name"":""circle"",""cx"":1076,""cy"":1660,""r"":42.012}","{""Class Label"":""1""}"
PXL_20240521_191832308.jpg,3494577,"{}",543,120,"{""name"":""circle"",""cx"":1182,""cy"":1654,""r"":42.012}","{""Class Label"":""1""}"
PXL_20240521_191832308.jpg,3494577,"{}",543,121,"{""name"":""circle"",""cx"":1284,""cy"":1649,""r"":42.012}","{""Class Label"":""1""}"
PXL_20240521_191832308.jpg,3494577,"{}",543,122,"{""name"":""circle"",""cx"":1339,""cy"":1734,""r"":42.012}","{""Class Label"":""0""}"
PXL_20240521_191832308.jpg,3494577,"{}",543,123,"{""name"":""circle"",""cx"":1031,""cy"":1747,""r"":42.012}","{""Class Label"":""1""}"
PXL_20240521_191832308.jpg,3494577,"{}",543,124,"{""name"":""circle"",""cx"":807,""cy"":1641,""r"":42.012}","{""Class Label"":""1""}"
PXL_20240521_191832308.jpg,3494577,"{}",543,125,"{""name"":""circle"",""cx"":765,""cy"":1539,""r"":42.012}","{""Class Label"":""0""}"
PXL_20240521_191832308.jpg,3494577,"{}",543,126,"{""name"":""circle"",""cx"":924,""cy"":1747,""r"":42.012}","{""Class Label"":""1""}"
PXL_20240521_191832308.jpg,3494577,"{}",543,127,"{""name"":""circle"",""cx"":820,""cy"":1746,""r"":42.012}","{""Class Label"":""1""}"
PXL_20240521_191832308.jpg,3494577,"{}",543,128,"{""name"":""circle"",""cx"":721,""cy"":1722,""r"":42.012}","{""Class Label"":""0""}"
PXL_20240521_191832308.jpg,3494577,"{}",543,129,"{""name"":""circle"",""cx"":979,""cy"":1836,""r"":42.012}","{""Class Label"":""0""}"
PXL_20240521_191832308.jpg,3494577,"{}",543,130,"{""name"":""circle"",""cx"":1192,""cy"":1829,""r"":42.012}","{""Class Label"":""1""}"
PXL_20240521_191832308.jpg,3494577,"{}",543,131,"{""name"":""circle"",""cx"":1017,""cy"":1573,""r"":42.012}","{""Class Label"":""1""}"
PXL_20240521_191832308.jpg,3494577,"{}",543,132,"{""name"":""circle"",""cx"":1089,""cy"":1836,""r"":42.012}","{""Class Label"":""1""}"
PXL_20240521_191832308.jpg,3494577,"{}",543,133,"{""name"":""circle"",""cx"":1295,""cy"":1822,""r"":42.012}","{""Class Label"":""0""}"
PXL_20240521_191832308.jpg,3494577,"{}",543,134,"{""name"":""circle"",""cx"":1401,""cy"":1814,""r"":42.012}","{""Class Label"":""0""}"
PXL_20240521_191832308.jpg,3494577,"{}",543,135,"{""name"":""circle"",""cx"":1149,""cy"":1918,""r"":42.012}","{""Class Label"":""0""}"
PXL_20240521_191832308.jpg,3494577,"{}",543,136,"{""name"":""circle"",""cx"":1253,""cy"":1914,""r"":42.012}","{""Class Label"":""1""}"
PXL_20240521_191832308.jpg,3494577,"{}",543,137,"{""name"":""circle"",""cx"":1238,""cy"":1737,""r"":42.012}","{""Class Label"":""0""}"
PXL_20240521_191832308.jpg,3494577,"{}",543,138,"{""name"":""circle"",""cx"":1038,""cy"":1922,""r"":42.012}","{""Class Label"":""1""}"
PXL_20240521_191832308.jpg,3494577,"{}",543,139,"{""name"":""circle"",""cx"":928,""cy"":1923,""r"":42.012}","{""Class Label"":""1""}"
PXL_20240521_191832308.jpg,3494577,"{}",543,140,"{""name"":""circle"",""cx"":871,""cy"":1840,""r"":42.012}","{""Class Label"":""0""}"
PXL_20240521_191832308.jpg,3494577,"{}",543,141,"{""name"":""circle"",""cx"":1357,""cy"":1909,""r"":42.012}","{""Class Label"":""0""}"
PXL_20240521_191832308.jpg,3494577,"{}",543,142,"{""name"":""circle"",""cx"":1462,""cy"":1896,""r"":42.012}","{""Class Label"":""0""}"
PXL_20240521_191832308.jpg,3494577,"{}",543,143,"{""name"":""circle"",""cx"":1213,""cy"":2007,""r"":42.012}","{""Class Label"":""0""}"
PXL_20240521_191832308.jpg,3494577,"{}",543,144,"{""name"":""circle"",""cx"":992,""cy"":2011,""r"":42.012}","{""Class Label"":""1""}"
PXL_20240521_191832308.jpg,3494577,"{}",543,145,"{""name"":""circle"",""cx"":1137,""cy"":1745,""r"":42.012}","{""Class Label"":""0""}"
PXL_20240521_191832308.jpg,3494577,"{}",543,146,"{""name"":""circle"",""cx"":883,""cy"":2016,""r"":42.012}","{""Class Label"":""1""}"
PXL_20240521_191832308.jpg,3494577,"{}",543,147,"{""name"":""circle"",""cx"":1050,""cy"":2093,""r"":42.012}","{""Class Label"":""1""}"
PXL_20240521_191832308.jpg,3494577,"{}",543,148,"{""name"":""circle"",""cx"":941,""cy"":2094,""r"":42.012}","{""Class Label"":""0""}"
PXL_20240521_191832308.jpg,3494577,"{}",543,149,"{""name"":""circle"",""cx"":1275,""cy"":2102,""r"":42.012}","{""Class Label"":""1""}"
PXL_20240521_191832308.jpg,3494577,"{}",543,150,"{""name"":""circle"",""cx"":1316,""cy"":2001,""r"":42.012}","{""Class Label"":""1""}"
PXL_20240521_191832308.jpg,3494577,"{}",543,151,"{""name"":""circle"",""cx"":1378,""cy"":2083,""r"":42.012}","{""Class Label"":""0""}"
PXL_20240521_191832308.jpg,3494577,"{}",543,152,"{""name"":""circle"",""cx"":1151,""cy"":2086,""r"":42.012}","{""Class Label"":""1""}"
PXL_20240521_191832308.jpg,3494577,"{}",543,153,"{""name"":""circle"",""cx"":999,""cy"":2164,""r"":42.012}","{""Class Label"":""0""}"
PXL_20240521_191832308.jpg,3494577,"{}",543,154,"{""name"":""circle"",""cx"":1194,""cy"":2169,""r"":41.035}","{""Class Label"":""1""}"
PXL_20240521_191832308.jpg,3494577,"{}",543,155,"{""name"":""circle"",""cx"":1097,""cy"":2004,""r"":42.012}","{""Class Label"":""1""}"
PXL_20240521_191832308.jpg,3494577,"{}",543,156,"{""name"":""circle"",""cx"":976,""cy"":2262,""r"":42.012}","{""Class Label"":""1""}"
PXL_20240521_191832308.jpg,3494577,"{}",543,157,"{""name"":""circle"",""cx"":1166,""cy"":2266,""r"":42.012}","{""Class Label"":""0""}"
PXL_20240521_191832308.jpg,3494577,"{}",543,158,"{""name"":""circle"",""cx"":1270,""cy"":2222,""r"":42.012}","{""Class Label"":""1""}"
PXL_20240521_191832308.jpg,3494577,"{}",543,159,"{""name"":""circle"",""cx"":1361,""cy"":2181,""r"":42.012}","{""Class Label"":""0""}"
PXL_20240521_191832308.jpg,3494577,"{}",543,160,"{""name"":""circle"",""cx"":1051,""cy"":2376,""r"":42.012}","{""Class Label"":""0""}"
PXL_20240521_191832308.jpg,3494577,"{}",543,161,"{""name"":""circle"",""cx"":1070,""cy"":2300,""r"":42.012}","{""Class Label"":""1""}"
PXL_20240521_191832308.jpg,3494577,"{}",543,162,"{""name"":""circle"",""cx"":902,""cy"":2185,""r"":42.012}","{""Class Label"":""1""}"
PXL_20240521_191832308.jpg,3494577,"{}",543,163,"{""name"":""circle"",""cx"":1138,""cy"":2440,""r"":42.012}","{""Class Label"":""0""}"
PXL_20240521_191832308.jpg,3494577,"{}",543,164,"{""name"":""circle"",""cx"":1242,""cy"":2326,""r"":42.012}","{""Class Label"":""1""}"
PXL_20240521_191832308.jpg,3494577,"{}",543,165,"{""name"":""circle"",""cx"":1145,""cy"":2367,""r"":42.012}","{""Class Label"":""1""}"
PXL_20240521_191832308.jpg,3494577,"{}",543,166,"{""name"":""circle"",""cx"":1322,""cy"":2389,""r"":42.012}","{""Class Label"":""1""}"
PXL_20240521_191832308.jpg,3494577,"{}",543,167,"{""name"":""circle"",""cx"":1343,""cy"":2285,""r"":42.012}","{""Class Label"":""1""}"
PXL_20240521_191832308.jpg,3494577,"{}",543,168,"{""name"":""circle"",""cx"":884,""cy"":2282,""r"":42.012}","{""Class Label"":""1""}"
PXL_20240521_191832308.jpg,3494577,"{}",543,169,"{""name"":""circle"",""cx"":813,""cy"":2209,""r"":42.012}","{""Class Label"":""0""}"
PXL_20240521_191832308.jpg,3494577,"{}",543,170,"{""name"":""circle"",""cx"":781,""cy"":2309,""r"":42.012}","{""Class Label"":""1""}"
PXL_20240521_191832308.jpg,3494577,"{}",543,171,"{""name"":""circle"",""cx"":961,""cy"":2364,""r"":42.012}","{""Class Label"":""1""}"
PXL_20240521_191832308.jpg,3494577,"{}",543,172,"{""name"":""circle"",""cx"":856,""cy"":2380,""r"":42.012}","{""Class Label"":""0""}"
PXL_20240521_191832308.jpg,3494577,"{}",543,173,"{""name"":""circle"",""cx"":1094,""cy"":2195,""r"":42.012}","{""Class Label"":""0""}"
PXL_20240521_191832308.jpg,3494577,"{}",543,174,"{""name"":""circle"",""cx"":1371,""cy"":1036,""r"":42}","{""Class Label"":""1""}"
PXL_20240521_191832308.jpg,3494577,"{}",543,175,"{""name"":""circle"",""cx"":1276,""cy"":1015,""r"":42}","{""Class Label"":""""}"
PXL_20240521_191832308.jpg,3494577,"{}",543,176,"{""name"":""circle"",""cx"":1295,""cy"":1115,""r"":44}","{""Class Label"":""1""}"
PXL_20240521_191832308.jpg,3494577,"{}",543,177,"{""name"":""circle"",""cx"":1185,""cy"":1115,""r"":44}","{""Class Label"":""""}"
PXL_20240521_191832308.jpg,3494577,"{}",543,178,"{""name"":""circle"",""cx"":1176,""cy"":1008,""r"":43}","{""Class Label"":""0""}"
PXL_20240521_191832308.jpg,3494577,"{}",543,179,"{""name"":""circle"",""cx"":1124,""cy"":904,""r"":44}","{""Class Label"":""0""}"
PXL_20240521_191832308.jpg,3494577,"{}",543,180,"{""name"":""circle"",""cx"":1078,""cy"":1004,""r"":43}","{""Class Label"":""0""}"
PXL_20240521_191832308.jpg,3494577,"{}",543,181,"{""name"":""circle"",""cx"":1074,""cy"":1105,""r"":43}","{""Class Label"":""0""}"
PXL_20240521_191832308.jpg,3494577,"{}",543,182,"{""name"":""circle"",""cx"":980,""cy"":1010,""r"":42}","{""Class Label"":""0""}"
PXL_20240521_191832308.jpg,3494577,"{}",543,183,"{""name"":""circle"",""cx"":880,""cy"":1024,""r"":43}","{""Class Label"":""0""}"
PXL_20240521_191832308.jpg,3494577,"{}",543,184,"{""name"":""circle"",""cx"":959,""cy"":1112,""r"":43}","{""Class Label"":""0""}"
PXL_20240521_191832308.jpg,3494577,"{}",543,185,"{""name"":""circle"",""cx"":852,""cy"":1121,""r"":43}","{""Class Label"":""0""}"
PXL_20240521_191832308.jpg,3494577,"{}",543,186,"{""name"":""circle"",""cx"":774,""cy"":1044,""r"":43}","{""Class Label"":""0""}"
PXL_20240521_191832308.jpg,3494577,"{}",543,187,"{""name"":""circle"",""cx"":718,""cy"":1136,""r"":43}","{""Class Label"":""0""}"
PXL_20240521_191832308.jpg,3494577,"{}",543,188,"{""name"":""circle"",""cx"":655,""cy"":1223,""r"":42}","{""Class Label"":""0""}"
PXL_20240521_191832308.jpg,3494577,"{}",543,189,"{""name"":""circle"",""cx"":551,""cy"":1271,""r"":44}","{""Class Label"":""0""}"
PXL_20240521_191832308.jpg,3494577,"{}",543,190,"{""name"":""circle"",""cx"":741,""cy"":1304,""r"":46}","{""Class Label"":""0""}"
PXL_20240521_191832308.jpg,3494577,"{}",543,191,"{""name"":""circle"",""cx"":637,""cy"":1333,""r"":43}","{""Class Label"":""0""}"
PXL_20240521_191832308.jpg,3494577,"{}",543,192,"{""name"":""circle"",""cx"":496,""cy"":1376,""r"":42}","{""Class Label"":""0""}"
PXL_20240521_191832308.jpg,3494577,"{}",543,193,"{""name"":""circle"",""cx"":713,""cy"":1441,""r"":45}","{""Class Label"":""0""}"
PXL_20240521_191832308.jpg,3494577,"{}",543,194,"{""name"":""circle"",""cx"":598,""cy"":1426,""r"":41}","{""Class Label"":""0""}"
PXL_20240521_191832308.jpg,3494577,"{}",543,195,"{""name"":""circle"",""cx"":518,""cy"":1500,""r"":41}","{""Class Label"":""0""}"
PXL_20240521_191832308.jpg,3494577,"{}",543,196,"{""name"":""circle"",""cx"":649,""cy"":1525,""r"":43}","{""Class Label"":""0""}"
PXL_20240521_191832308.jpg,3494577,"{}",543,197,"{""name"":""circle"",""cx"":420,""cy"":1465,""r"":43}","{""Class Label"":""0""}"
PXL_20240521_191832308.jpg,3494577,"{}",543,198,"{""name"":""circle"",""cx"":568,""cy"":1598,""r"":44}","{""Class Label"":""0""}"
PXL_20240521_191832308.jpg,3494577,"{}",543,199,"{""name"":""circle"",""cx"":695,""cy"":1623,""r"":41}","{""Class Label"":""0""}"
PXL_20240521_191832308.jpg,3494577,"{}",543,200,"{""name"":""circle"",""cx"":611,""cy"":1694,""r"":42.54}","{""Class Label"":""0""}"
PXL_20240521_191832308.jpg,3494577,"{}",543,201,"{""name"":""circle"",""cx"":440,""cy"":1570,""r"":43.494}","{""Class Label"":""0""}"
PXL_20240521_191832308.jpg,3494577,"{}",543,202,"{""name"":""circle"",""cx"":377,""cy"":1664,""r"":43}","{""Class Label"":""0""}"
PXL_20240521_191832308.jpg,3494577,"{}",543,203,"{""name"":""circle"",""cx"":491,""cy"":1676,""r"":45}","{""Class Label"":""0""}"
PXL_20240521_191832308.jpg,3494577,"{}",543,204,"{""name"":""circle"",""cx"":313,""cy"":1756,""r"":46}","{""Class Label"":""0""}"
PXL_20240521_191832308.jpg,3494577,"{}",543,205,"{""name"":""circle"",""cx"":420,""cy"":1766,""r"":43}","{""Class Label"":""0""}"
PXL_20240521_191832308.jpg,3494577,"{}",543,206,"{""name"":""circle"",""cx"":535,""cy"":1773,""r"":41}","{""Class Label"":""0""}"
PXL_20240521_191832308.jpg,3494577,"{}",543,207,"{""name"":""circle"",""cx"":653,""cy"":1802,""r"":45}","{""Class Label"":""0""}"
PXL_20240521_191832308.jpg,3494577,"{}",543,208,"{""name"":""circle"",""cx"":758,""cy"":1833,""r"":45.669}","{""Class Label"":""1""}"
PXL_20240521_191832308.jpg,3494577,"{}",543,209,"{""name"":""circle"",""cx"":569,""cy"":1875,""r"":42}","{""Class Label"":""""}"
PXL_20240521_191832308.jpg,3494577,"{}",543,210,"{""name"":""circle"",""cx"":819,""cy"":1932,""r"":43.059}","{""Class Label"":""0""}"
PXL_20240521_191832308.jpg,3494577,"{}",543,211,"{""name"":""circle"",""cx"":458,""cy"":1871,""r"":43}","{""Class Label"":""0""}"
PXL_20240521_191832308.jpg,3494577,"{}",543,212,"{""name"":""circle"",""cx"":345,""cy"":1860,""r"":44}","{""Class Label"":""0""}"
PXL_20240521_191832308.jpg,3494577,"{}",543,213,"{""name"":""circle"",""cx"":494,""cy"":1975,""r"":44}","{""Class Label"":""0""}"
PXL_20240521_191832308.jpg,3494577,"{}",543,214,"{""name"":""circle"",""cx"":606,""cy"":1973,""r"":42}","{""Class Label"":""0""}"
PXL_20240521_191832308.jpg,3494577,"{}",543,215,"{""name"":""circle"",""cx"":714,""cy"":1936,""r"":43}","{""Class Label"":""1""}"
PXL_20240521_191832308.jpg,3494577,"{}",543,216,"{""name"":""circle"",""cx"":384,""cy"":1964,""r"":42}","{""Class Label"":""0""}"
PXL_20240521_191832308.jpg,3494577,"{}",543,217,"{""name"":""circle"",""cx"":558,""cy"":2066,""r"":43}","{""Class Label"":""0""}"
PXL_20240521_191832308.jpg,3494577,"{}",543,218,"{""name"":""circle"",""cx"":671,""cy"":2057,""r"":43}","{""Class Label"":""1""}"
PXL_20240521_191832308.jpg,3494577,"{}",543,219,"{""name"":""circle"",""cx"":443,""cy"":2084,""r"":47}","{""Class Label"":""0""}"
PXL_20240521_191832308.jpg,3494577,"{}",543,220,"{""name"":""circle"",""cx"":775,""cy"":2026,""r"":44.605}","{""Class Label"":""0""}"
PXL_20240521_191832308.jpg,3494577,"{}",543,221,"{""name"":""circle"",""cx"":842,""cy"":2110,""r"":39.532}","{""Class Label"":""0""}"
PXL_20240521_191832308.jpg,3494577,"{}",543,222,"{""name"":""circle"",""cx"":523,""cy"":2170,""r"":44}","{""Class Label"":""0""}"
PXL_20240521_191832308.jpg,3494577,"{}",543,223,"{""name"":""circle"",""cx"":629,""cy"":2151,""r"":42}","{""Class Label"":""0""}"
PXL_20240521_191832308.jpg,3494577,"{}",543,224,"{""name"":""circle"",""cx"":740,""cy"":2131,""r"":42}","{""Class Label"":""1""}"
PXL_20240521_191832308.jpg,3494577,"{}",543,225,"{""name"":""circle"",""cx"":595,""cy"":2254,""r"":43}","{""Class Label"":""0""}"
PXL_20240521_191832308.jpg,3494577,"{}",543,226,"{""name"":""circle"",""cx"":706,""cy"":2230,""r"":45}","{""Class Label"":""0""}"
PXL_20240521_191832308.jpg,3494577,"{}",543,227,"{""name"":""circle"",""cx"":666,""cy"":2334,""r"":44}","{""Class Label"":""0""}"
PXL_20240521_191832308.jpg,3494577,"{}",543,228,"{""name"":""circle"",""cx"":733,""cy"":2413,""r"":45}","{""Class Label"":""0""}"
PXL_20240521_191832308.jpg,3494577,"{}",543,229,"{""name"":""circle"",""cx"":721,""cy"":2526,""r"":43}","{""Class Label"":""0""}"
PXL_20240521_191832308.jpg,3494577,"{}",543,230,"{""name"":""circle"",""cx"":816,""cy"":2473,""r"":42.026}","{""Class Label"":""1""}"
PXL_20240521_191832308.jpg,3494577,"{}",543,231,"{""name"":""circle"",""cx"":830,""cy"":2572,""r"":44}","{""Class Label"":""0""}"
PXL_20240521_191832308.jpg,3494577,"{}",543,232,"{""name"":""circle"",""cx"":735,""cy"":2629,""r"":45}","{""Class Label"":""0""}"
PXL_20240521_191832308.jpg,3494577,"{}",543,233,"{""name"":""circle"",""cx"":983,""cy"":2554,""r"":43}","{""Class Label"":""0""}"
PXL_20240521_191832308.jpg,3494577,"{}",543,234,"{""name"":""circle"",""cx"":972,""cy"":2447,""r"":42}","{""Class Label"":""0""}"
PXL_20240521_191832308.jpg,3494577,"{}",543,235,"{""name"":""circle"",""cx"":1047,""cy"":2488,""r"":42}","{""Class Label"":""0""}"
PXL_20240521_191832308.jpg,3494577,"{}",543,236,"{""name"":""circle"",""cx"":913,""cy"":2497,""r"":41}","{""Class Label"":""0""}"
PXL_20240521_191832308.jpg,3494577,"{}",543,237,"{""name"":""circle"",""cx"":1001,""cy"":2661,""r"":41}","{""Class Label"":""0""}"
PXL_20240521_191832308.jpg,3494577,"{}",543,238,"{""name"":""circle"",""cx"":835,""cy"":2675,""r"":45}","{""Class Label"":""0""}"
PXL_20240521_191832308.jpg,3494577,"{}",543,239,"{""name"":""circle"",""cx"":826,""cy"":2779,""r"":42}","{""Class Label"":""0""}"
PXL_20240521_191832308.jpg,3494577,"{}",543,240,"{""name"":""circle"",""cx"":920,""cy"":2824,""r"":43}","{""Class Label"":""0""}"
PXL_20240521_191832308.jpg,3494577,"{}",543,241,"{""name"":""circle"",""cx"":932,""cy"":2717,""r"":42}","{""Class Label"":""0""}"
PXL_20240521_191832308.jpg,3494577,"{}",543,242,"{""name"":""circle"",""cx"":926,""cy"":2604,""r"":40}","{""Class Label"":""1""}"
PXL_20240521_191832308.jpg,3494577,"{}",543,243,"{""name"":""circle"",""cx"":1057,""cy"":2718,""r"":41}","{""Class Label"":""0""}"
PXL_20240521_191832308.jpg,3494577,"{}",543,244,"{""name"":""circle"",""cx"":1002,""cy"":2769,""r"":42}","{""Class Label"":""0""}"
PXL_20240521_191832308.jpg,3494577,"{}",543,245,"{""name"":""circle"",""cx"":1059,""cy"":2833,""r"":45}","{""Class Label"":""0""}"
PXL_20240521_191832308.jpg,3494577,"{}",543,246,"{""name"":""circle"",""cx"":1007,""cy"":2881,""r"":41.086}","{""Class Label"":""0""}"
PXL_20240521_191832308.jpg,3494577,"{}",543,247,"{""name"":""circle"",""cx"":1079,""cy"":3028,""r"":43}","{""Class Label"":""1""}"
PXL_20240521_191832308.jpg,3494577,"{}",543,248,"{""name"":""circle"",""cx"":1140,""cy"":2895,""r"":43}","{""Class Label"":""0""}"
PXL_20240521_191832308.jpg,3494577,"{}",543,249,"{""name"":""circle"",""cx"":1067,""cy"":2938,""r"":41}","{""Class Label"":""0""}"
PXL_20240521_191832308.jpg,3494577,"{}",543,250,"{""name"":""circle"",""cx"":1237,""cy"":2835,""r"":42}","{""Class Label"":""0""}"
PXL_20240521_191832308.jpg,3494577,"{}",543,251,"{""name"":""circle"",""cx"":1135,""cy"":2777,""r"":46}","{""Class Label"":""0""}"
PXL_20240521_191832308.jpg,3494577,"{}",543,252,"{""name"":""circle"",""cx"":1245,""cy"":2951,""r"":44}","{""Class Label"":""0""}"
PXL_20240521_191832308.jpg,3494577,"{}",543,253,"{""name"":""circle"",""cx"":1160,""cy"":2986,""r"":42.54}","{""Class Label"":""0""}"
PXL_20240521_191832308.jpg,3494577,"{}",543,254,"{""name"":""circle"",""cx"":1346,""cy"":3000,""r"":42}","{""Class Label"":""0""}"
PXL_20240521_191832308.jpg,3494577,"{}",543,255,"{""name"":""circle"",""cx"":1260,""cy"":3035,""r"":42}","{""Class Label"":""0""}"
PXL_20240521_191832308.jpg,3494577,"{}",543,256,"{""name"":""circle"",""cx"":1174,""cy"":3073,""r"":45}","{""Class Label"":""0""}"
PXL_20240521_191832308.jpg,3494577,"{}",543,257,"{""name"":""circle"",""cx"":1155,""cy"":3185,""r"":43}","{""Class Label"":""0""}"
PXL_20240521_191832308.jpg,3494577,"{}",543,258,"{""name"":""circle"",""cx"":1156,""cy"":3297,""r"":43}","{""Class Label"":""0""}"
PXL_20240521_191832308.jpg,3494577,"{}",543,259,"{""name"":""circle"",""cx"":1254,""cy"":3255,""r"":43}","{""Class Label"":""0""}"
PXL_20240521_191832308.jpg,3494577,"{}",543,260,"{""name"":""circle"",""cx"":1260,""cy"":3138,""r"":44}","{""Class Label"":""0""}"
PXL_20240521_191832308.jpg,3494577,"{}",543,261,"{""name"":""circle"",""cx"":1242,""cy"":3367,""r"":41}","{""Class Label"":""0""}"
PXL_20240521_191832308.jpg,3494577,"{}",543,262,"{""name"":""circle"",""cx"":1351,""cy"":3326,""r"":45}","{""Class Label"":""0""}"
PXL_20240521_191832308.jpg,3494577,"{}",543,263,"{""name"":""circle"",""cx"":1354,""cy"":3203,""r"":44}","{""Class Label"":""0""}"
PXL_20240521_191832308.jpg,3494577,"{}",543,264,"{""name"":""circle"",""cx"":1352,""cy"":3096,""r"":40.521}","{""Class Label"":""0""}"
PXL_20240521_191832308.jpg,3494577,"{}",543,265,"{""name"":""circle"",""cx"":1444,""cy"":3051,""r"":44}","{""Class Label"":""0""}"
PXL_20240521_191832308.jpg,3494577,"{}",543,266,"{""name"":""circle"",""cx"":1342,""cy"":2888,""r"":44}","{""Class Label"":""0""}"
PXL_20240521_191832308.jpg,3494577,"{}",543,267,"{""name"":""circle"",""cx"":1323,""cy"":2779,""r"":42}","{""Class Label"":""1""}"
PXL_20240521_191832308.jpg,3494577,"{}",543,268,"{""name"":""circle"",""cx"":1238,""cy"":2717,""r"":43}","{""Class Label"":""0""}"
PXL_20240521_191832308.jpg,3494577,"{}",543,269,"{""name"":""circle"",""cx"":1142,""cy"":2658,""r"":42}","{""Class Label"":""0""}"
PXL_20240521_191832308.jpg,3494577,"{}",543,270,"{""name"":""circle"",""cx"":1054,""cy"":2603,""r"":42}","{""Class Label"":""0""}"
PXL_20240521_191832308.jpg,3494577,"{}",543,271,"{""name"":""circle"",""cx"":1146,""cy"":2544,""r"":43}","{""Class Label"":""0""}"
PXL_20240521_191832308.jpg,3494577,"{}",543,272,"{""name"":""circle"",""cx"":1244,""cy"":2503,""r"":42}","{""Class Label"":""0""}"
PXL_20240521_191832308.jpg,3494577,"{}",543,273,"{""name"":""circle"",""cx"":1240,""cy"":2607,""r"":43}","{""Class Label"":""0""}"
PXL_20240521_191832308.jpg,3494577,"{}",543,274,"{""name"":""circle"",""cx"":1393,""cy"":2633,""r"":42}","{""Class Label"":""1""}"
PXL_20240521_191832308.jpg,3494577,"{}",543,275,"{""name"":""circle"",""cx"":1494,""cy"":2650,""r"":44}","{""Class Label"":""1""}"
PXL_20240521_191832308.jpg,3494577,"{}",543,276,"{""name"":""circle"",""cx"":1311,""cy"":2682,""r"":41.506}","{""Class Label"":""1""}"
PXL_20240521_191832308.jpg,3494577,"{}",543,277,"{""name"":""circle"",""cx"":1320,""cy"":2576,""r"":42}","{""Class Label"":""1""}"
PXL_20240521_191832308.jpg,3494577,"{}",543,278,"{""name"":""circle"",""cx"":1345,""cy"":2482,""r"":42}","{""Class Label"":""0""}"
PXL_20240521_191832308.jpg,3494577,"{}",543,279,"{""name"":""circle"",""cx"":1226,""cy"":2431,""r"":41}","{""Class Label"":""0""}"
PXL_20240521_191832308.jpg,3494577,"{}",543,280,"{""name"":""circle"",""cx"":1414,""cy"":2355,""r"":42}","{""Class Label"":""1""}"
PXL_20240521_191832308.jpg,3494577,"{}",543,281,"{""name"":""circle"",""cx"":1440,""cy"":2258,""r"":43}","{""Class Label"":""1""}"
PXL_20240521_191832308.jpg,3494577,"{}",543,282,"{""name"":""circle"",""cx"":1461,""cy"":2158,""r"":41}","{""Class Label"":""1""}"
PXL_20240521_191832308.jpg,3494577,"{}",543,283,"{""name"":""circle"",""cx"":1486,""cy"":2065,""r"":42}","{""Class Label"":""1""}"
PXL_20240521_191832308.jpg,3494577,"{}",543,284,"{""name"":""circle"",""cx"":1418,""cy"":1990,""r"":41}","{""Class Label"":""1""}"
PXL_20240521_191832308.jpg,3494577,"{}",543,285,"{""name"":""circle"",""cx"":1524,""cy"":1972,""r"":42}","{""Class Label"":""1""}"
PXL_20240521_191832308.jpg,3494577,"{}",543,286,"{""name"":""circle"",""cx"":1564,""cy"":1875,""r"":40}","{""Class Label"":""1""}"
PXL_20240521_191832308.jpg,3494577,"{}",543,287,"{""name"":""circle"",""cx"":1500,""cy"":1805,""r"":41}","{""Class Label"":""0""}"
PXL_20240521_191832308.jpg,3494577,"{}",543,288,"{""name"":""circle"",""cx"":1440,""cy"":1726,""r"":41}","{""Class Label"":""1""}"
PXL_20240521_191832308.jpg,3494577,"{}",543,289,"{""name"":""circle"",""cx"":1479,""cy"":1636,""r"":41}","{""Class Label"":""1""}"
PXL_20240521_191832308.jpg,3494577,"{}",543,290,"{""name"":""circle"",""cx"":1542,""cy"":1716,""r"":41}","{""Class Label"":""1""}"
PXL_20240521_191832308.jpg,3494577,"{}",543,291,"{""name"":""circle"",""cx"":1606,""cy"":1788,""r"":41}","{""Class Label"":""1""}"
PXL_20240521_191832308.jpg,3494577,"{}",543,292,"{""name"":""circle"",""cx"":1615,""cy"":1946,""r"":42}","{""Class Label"":""1""}"
PXL_20240521_191832308.jpg,3494577,"{}",543,293,"{""name"":""circle"",""cx"":1699,""cy"":1922,""r"":42}","{""Class Label"":""0""}"
PXL_20240521_191832308.jpg,3494577,"{}",543,294,"{""name"":""circle"",""cx"":1658,""cy"":1856,""r"":42}","{""Class Label"":""""}"
PXL_20240521_191832308.jpg,3494577,"{}",543,295,"{""name"":""circle"",""cx"":1738,""cy"":1821,""r"":40}","{""Class Label"":""1""}"
PXL_20240521_191832308.jpg,3494577,"{}",543,296,"{""name"":""circle"",""cx"":1722,""cy"":1659,""r"":39}","{""Class Label"":""1""}"
PXL_20240521_191832308.jpg,3494577,"{}",543,297,"{""name"":""circle"",""cx"":1792,""cy"":1616,""r"":41}","{""Class Label"":""0""}"
PXL_20240521_191832308.jpg,3494577,"{}",543,298,"{""name"":""circle"",""cx"":1761,""cy"":1558,""r"":30}","{""Class Label"":""1""}"
PXL_20240521_191832308.jpg,3494577,"{}",543,299,"{""name"":""circle"",""cx"":1912,""cy"":1471,""r"":40}","{""Class Label"":""1""}"
PXL_20240521_191832308.jpg,3494577,"{}",543,300,"{""name"":""circle"",""cx"":2015,""cy"":1450,""r"":41}","{""Class Label"":""1""}"
PXL_20240521_191832308.jpg,3494577,"{}",543,301,"{""name"":""circle"",""cx"":2057,""cy"":1360,""r"":43}","{""Class Label"":""1""}"
PXL_20240521_191832308.jpg,3494577,"{}",543,302,"{""name"":""circle"",""cx"":2175,""cy"":1344,""r"":41.039}","{""Class Label"":""1""}"
PXL_20240521_191832308.jpg,3494577,"{}",543,303,"{""name"":""circle"",""cx"":2122,""cy"":1432,""r"":44}","{""Class Label"":""1""}"
PXL_20240521_191832308.jpg,3494577,"{}",543,304,"{""name"":""circle"",""cx"":2076,""cy"":1518,""r"":43}","{""Class Label"":""1""}"
PXL_20240521_191832308.jpg,3494577,"{}",543,305,"{""name"":""circle"",""cx"":2024,""cy"":1609,""r"":44}","{""Class Label"":""1""}"
PXL_20240521_191832308.jpg,3494577,"{}",543,306,"{""name"":""circle"",""cx"":1940,""cy"":1640,""r"":43}","{""Class Label"":""1""}"
PXL_20240521_191832308.jpg,3494577,"{}",543,307,"{""name"":""circle"",""cx"":1854,""cy"":1679,""r"":41}","{""Class Label"":""1""}"
PXL_20240521_191832308.jpg,3494577,"{}",543,308,"{""name"":""circle"",""cx"":1989,""cy"":1703,""r"":42}","{""Class Label"":""1""}"
PXL_20240521_191832308.jpg,3494577,"{}",543,309,"{""name"":""circle"",""cx"":1896,""cy"":1733,""r"":39}","{""Class Label"":""1""}"
PXL_20240521_191832308.jpg,3494577,"{}",543,310,"{""name"":""circle"",""cx"":1827,""cy"":1780,""r"":41}","{""Class Label"":""1""}"
PXL_20240521_191832308.jpg,3494577,"{}",543,311,"{""name"":""circle"",""cx"":1964,""cy"":1801,""r"":43}","{""Class Label"":""1""}"
PXL_20240521_191832308.jpg,3494577,"{}",543,312,"{""name"":""circle"",""cx"":1948,""cy"":1902,""r"":41}","{""Class Label"":""1""}"
PXL_20240521_191832308.jpg,3494577,"{}",543,313,"{""name"":""circle"",""cx"":1870,""cy"":1836,""r"":40}","{""Class Label"":""1""}"
PXL_20240521_191832308.jpg,3494577,"{}",543,314,"{""name"":""circle"",""cx"":1804,""cy"":1892,""r"":40}","{""Class Label"":""1""}"
PXL_20240521_191832308.jpg,3494577,"{}",543,315,"{""name"":""circle"",""cx"":1857,""cy"":1941,""r"":39}","{""Class Label"":""1""}"
PXL_20240521_191832308.jpg,3494577,"{}",543,316,"{""name"":""circle"",""cx"":1772,""cy"":1986,""r"":39}","{""Class Label"":""0""}"
PXL_20240521_191832308.jpg,3494577,"{}",543,317,"{""name"":""circle"",""cx"":1680,""cy"":2017,""r"":41}","{""Class Label"":""1""}"
PXL_20240521_191832308.jpg,3494577,"{}",543,318,"{""name"":""circle"",""cx"":1592,""cy"":2037,""r"":42}","{""Class Label"":""1""}"
PXL_20240521_191832308.jpg,3494577,"{}",543,319,"{""name"":""circle"",""cx"":1560,""cy"":2130,""r"":42.012}","{""Class Label"":""0""}"
PXL_20240521_191832308.jpg,3494577,"{}",543,320,"{""name"":""circle"",""cx"":1655,""cy"":2109,""r"":42}","{""Class Label"":""1""}"
PXL_20240521_191832308.jpg,3494577,"{}",543,321,"{""name"":""circle"",""cx"":1751,""cy"":2075,""r"":41}","{""Class Label"":""0""}"
PXL_20240521_191832308.jpg,3494577,"{}",543,322,"{""name"":""circle"",""cx"":1845,""cy"":2040,""r"":41.506}","{""Class Label"":""0""}"
PXL_20240521_191832308.jpg,3494577,"{}",543,323,"{""name"":""circle"",""cx"":1933,""cy"":2001,""r"":40}","{""Class Label"":""0""}"
PXL_20240521_191832308.jpg,3494577,"{}",543,324,"{""name"":""circle"",""cx"":1921,""cy"":2103,""r"":41}","{""Class Label"":""0""}"
PXL_20240521_191832308.jpg,3494577,"{}",543,325,"{""name"":""circle"",""cx"":1825,""cy"":2142,""r"":42}","{""Class Label"":""0""}"
PXL_20240521_191832308.jpg,3494577,"{}",543,326,"{""name"":""circle"",""cx"":1729,""cy"":2176,""r"":41}","{""Class Label"":""1""}"
PXL_20240521_191832308.jpg,3494577,"{}",543,327,"{""name"":""circle"",""cx"":1637,""cy"":2210,""r"":40}","{""Class Label"":""1""}"
PXL_20240521_191832308.jpg,3494577,"{}",543,328,"{""name"":""circle"",""cx"":1540,""cy"":2229,""r"":41}","{""Class Label"":""1""}"
PXL_20240521_191832308.jpg,3494577,"{}",543,329,"{""name"":""circle"",""cx"":1512,""cy"":2333,""r"":41}","{""Class Label"":""1""}"
PXL_20240521_191832308.jpg,3494577,"{}",543,330,"{""name"":""circle"",""cx"":2293,""cy"":942,""r"":43}","{""Class Label"":""0""}"
PXL_20240521_191832308.jpg,3494577,"{}",543,331,"{""name"":""circle"",""cx"":2271,""cy"":1045,""r"":42.997}","{""Class Label"":""1""}"
PXL_20240521_191832308.jpg,3494577,"{}",543,332,"{""name"":""circle"",""cx"":2474,""cy"":978,""r"":43}","{""Class Label"":""0""}"
PXL_20240521_191832308.jpg,3494577,"{}",543,333,"{""name"":""circle"",""cx"":2394,""cy"":912,""r"":41}","{""Class Label"":""1""}"
PXL_20240521_191832308.jpg,3494577,"{}",543,334,"{""name"":""circle"",""cx"":2318,""cy"":843,""r"":42}","{""Class Label"":""0""}"
PXL_20240521_191832308.jpg,3494577,"{}",543,335,"{""name"":""circle"",""cx"":2375,""cy"":1012,""r"":43}","{""Class Label"":""1""}"
PXL_20240521_191832308.jpg,3494577,"{}",543,336,"{""name"":""circle"",""cx"":2345,""cy"":1117,""r"":43}","{""Class Label"":""0""}"
PXL_20240521_191832308.jpg,3494577,"{}",543,337,"{""name"":""circle"",""cx"":2314,""cy"":1216,""r"":44.897}","{""Class Label"":""0""}"
PXL_20240521_191832308.jpg,3494577,"{}",543,338,"{""name"":""circle"",""cx"":2423,""cy"":1178,""r"":42}","{""Class Label"":""1""}"
PXL_20240521_191832308.jpg,3494577,"{}",543,339,"{""name"":""circle"",""cx"":2448,""cy"":1079,""r"":42}","{""Class Label"":""1""}"
PXL_20240521_191832308.jpg,3494577,"{}",543,340,"{""name"":""circle"",""cx"":2604,""cy"":1094,""r"":41}","{""Class Label"":""0""}"
PXL_20240521_191832308.jpg,3494577,"{}",543,341,"{""name"":""circle"",""cx"":2546,""cy"":1041,""r"":42}","{""Class Label"":""1""}"
PXL_20240521_191832308.jpg,3494577,"{}",543,342,"{""name"":""circle"",""cx"":2524,""cy"":1140,""r"":41}","{""Class Label"":""1""}"
PXL_20240521_191832308.jpg,3494577,"{}",543,343,"{""name"":""circle"",""cx"":2610,""cy"":1203,""r"":41}","{""Class Label"":""0""}"
PXL_20240521_191832308.jpg,3494577,"{}",543,344,"{""name"":""circle"",""cx"":2391,""cy"":1275,""r"":42.095}","{""Class Label"":""0""}"
PXL_20240521_191832308.jpg,3494577,"{}",543,345,"{""name"":""circle"",""cx"":2464,""cy"":1336,""r"":41}","{""Class Label"":""0""}"
PXL_20240521_191832308.jpg,3494577,"{}",543,346,"{""name"":""circle"",""cx"":2569,""cy"":1308,""r"":42}","{""Class Label"":""0""}"
PXL_20240521_191832308.jpg,3494577,"{}",543,347,"{""name"":""circle"",""cx"":2666,""cy"":1290,""r"":41.591}","{""Class Label"":""0""}"
PXL_20240521_191832308.jpg,3494577,"{}",543,348,"{""name"":""circle"",""cx"":2276,""cy"":1313,""r"":44}","{""Class Label"":""1""}"
PXL_20240521_191832308.jpg,3494577,"{}",543,349,"{""name"":""circle"",""cx"":2501,""cy"":1238,""r"":43}","{""Class Label"":""0""}"
PXL_20240521_191832308.jpg,3494577,"{}",543,350,"{""name"":""circle"",""cx"":2276,""cy"":1497,""r"":42}","{""Class Label"":""1""}"
PXL_20240521_191832308.jpg,3494577,"{}",543,351,"{""name"":""circle"",""cx"":2359,""cy"":1371,""r"":43}","{""Class Label"":""1""}"
PXL_20240521_191832308.jpg,3494577,"{}",543,352,"{""name"":""circle"",""cx"":2430,""cy"":1444,""r"":42}","{""Class Label"":""1""}"
PXL_20240521_191832308.jpg,3494577,"{}",543,353,"{""name"":""circle"",""cx"":2526,""cy"":1409,""r"":43}","{""Class Label"":""1""}"
PXL_20240521_191832308.jpg,3494577,"{}",543,354,"{""name"":""circle"",""cx"":2622,""cy"":1386,""r"":41}","{""Class Label"":""1""}"
PXL_20240521_191832308.jpg,3494577,"{}",543,355,"{""name"":""circle"",""cx"":2724,""cy"":1375,""r"":40}","{""Class Label"":""1""}"
PXL_20240521_191832308.jpg,3494577,"{}",543,356,"{""name"":""circle"",""cx"":2682,""cy"":1464,""r"":42}","{""Class Label"":""1""}"
PXL_20240521_191832308.jpg,3494577,"{}",543,357,"{""name"":""circle"",""cx"":2580,""cy"":1488,""r"":43}","{""Class Label"":""1""}"
PXL_20240521_191832308.jpg,3494577,"{}",543,358,"{""name"":""circle"",""cx"":2246,""cy"":1404,""r"":45}","{""Class Label"":""1""}"
PXL_20240521_191832308.jpg,3494577,"{}",543,359,"{""name"":""circle"",""cx"":2188,""cy"":1496,""r"":42}","{""Class Label"":""1""}"
PXL_20240521_191832308.jpg,3494577,"{}",543,360,"{""name"":""circle"",""cx"":2146,""cy"":1589,""r"":43}","{""Class Label"":""1""}"
PXL_20240521_191832308.jpg,3494577,"{}",543,361,"{""name"":""circle"",""cx"":2365,""cy"":1553,""r"":42}","{""Class Label"":""1""}"
PXL_20240521_191832308.jpg,3494577,"{}",543,362,"{""name"":""circle"",""cx"":2332,""cy"":1462,""r"":33}","{""Class Label"":""1""}"
PXL_20240521_191832308.jpg,3494577,"{}",543,363,"{""name"":""circle"",""cx"":2256,""cy"":1575,""r"":37}","{""Class Label"":""1""}"
PXL_20240521_191832308.jpg,3494577,"{}",543,364,"{""name"":""circle"",""cx"":2255,""cy"":1702,""r"":43.942}","{""Class Label"":""1""}"
PXL_20240521_191832308.jpg,3494577,"{}",543,365,"{""name"":""circle"",""cx"":2334,""cy"":1752,""r"":43}","{""Class Label"":""0""}"
PXL_20240521_191832308.jpg,3494577,"{}",543,366,"{""name"":""circle"",""cx"":2095,""cy"":1672,""r"":44}","{""Class Label"":""0""}"
PXL_20240521_191832308.jpg,3494577,"{}",543,367,"{""name"":""circle"",""cx"":2205,""cy"":1656,""r"":34}","{""Class Label"":""1""}"
PXL_20240521_191832308.jpg,3494577,"{}",543,368,"{""name"":""circle"",""cx"":2324,""cy"":1650,""r"":43}","{""Class Label"":""1""}"
PXL_20240521_191832308.jpg,3494577,"{}",543,369,"{""name"":""circle"",""cx"":2438,""cy"":1621,""r"":44.425}","{""Class Label"":""0""}"
PXL_20240521_191832308.jpg,3494577,"{}",543,370,"{""name"":""circle"",""cx"":2543,""cy"":1584,""r"":44}","{""Class Label"":""1""}"
PXL_20240521_191832308.jpg,3494577,"{}",543,371,"{""name"":""circle"",""cx"":2846,""cy"":1485,""r"":42}","{""Class Label"":""q""}"
PXL_20240521_191832308.jpg,3494577,"{}",543,372,"{""name"":""circle"",""cx"":2754,""cy"":1521,""r"":41}","{""Class Label"":""0""}"
PXL_20240521_191832308.jpg,3494577,"{}",543,373,"{""name"":""circle"",""cx"":2656,""cy"":1557,""r"":43}","{""Class Label"":""1""}"
PXL_20240521_191832308.jpg,3494577,"{}",543,374,"{""name"":""circle"",""cx"":2838,""cy"":1583,""r"":43}","{""Class Label"":""1""}"
PXL_20240521_191832308.jpg,3494577,"{}",543,375,"{""name"":""circle"",""cx"":2739,""cy"":1620,""r"":43}","{""Class Label"":""0""}"
PXL_20240521_191832308.jpg,3494577,"{}",543,376,"{""name"":""circle"",""cx"":2632,""cy"":1654,""r"":43}","{""Class Label"":""1""}"
PXL_20240521_191832308.jpg,3494577,"{}",543,377,"{""name"":""circle"",""cx"":2530,""cy"":1688,""r"":41}","{""Class Label"":""0""}"
PXL_20240521_191832308.jpg,3494577,"{}",543,378,"{""name"":""circle"",""cx"":2433,""cy"":1724,""r"":44}","{""Class Label"":""1""}"
PXL_20240521_191832308.jpg,3494577,"{}",543,379,"{""name"":""circle"",""cx"":2616,""cy"":1752,""r"":44}","{""Class Label"":""1""}"
PXL_20240521_191832308.jpg,3494577,"{}",543,380,"{""name"":""circle"",""cx"":2716,""cy"":1716,""r"":42}","{""Class Label"":""1""}"
PXL_20240521_191832308.jpg,3494577,"{}",543,381,"{""name"":""circle"",""cx"":2817,""cy"":1685,""r"":43}","{""Class Label"":""1""}"
PXL_20240521_191832308.jpg,3494577,"{}",543,382,"{""name"":""circle"",""cx"":2917,""cy"":1645,""r"":46}","{""Class Label"":""0""}"
PXL_20240521_191832308.jpg,3494577,"{}",543,383,"{""name"":""circle"",""cx"":2896,""cy"":1746,""r"":39}","{""Class Label"":""1""}"
PXL_20240521_191832308.jpg,3494577,"{}",543,384,"{""name"":""circle"",""cx"":2802,""cy"":1785,""r"":43.511}","{""Class Label"":""1""}"
PXL_20240521_191832308.jpg,3494577,"{}",543,385,"{""name"":""circle"",""cx"":2513,""cy"":1787,""r"":43}","{""Class Label"":""0""}"
PXL_20240521_191832308.jpg,3494577,"{}",543,386,"{""name"":""circle"",""cx"":2418,""cy"":1822,""r"":44}","{""Class Label"":""1""}"
PXL_20240521_191832308.jpg,3494577,"{}",543,387,"{""name"":""circle"",""cx"":2597,""cy"":1855,""r"":41}","{""Class Label"":""0""}"
PXL_20240521_191832308.jpg,3494577,"{}",543,388,"{""name"":""circle"",""cx"":2697,""cy"":1815,""r"":44}","{""Class Label"":""0""}"
PXL_20240521_191832308.jpg,3494577,"{}",543,389,"{""name"":""circle"",""cx"":2679,""cy"":1916,""r"":45}","{""Class Label"":""0""}"
PXL_20240521_191832308.jpg,3494577,"{}",543,390,"{""name"":""circle"",""cx"":2776,""cy"":1881,""r"":44}","{""Class Label"":""1""}"
PXL_20240521_191832308.jpg,3494577,"{}",543,391,"{""name"":""circle"",""cx"":2881,""cy"":1847,""r"":43}","{""Class Label"":""0""}"
PXL_20240521_191832308.jpg,3494577,"{}",543,392,"{""name"":""circle"",""cx"":2857,""cy"":1950,""r"":44.89}","{""Class Label"":""1""}"
PXL_20240521_191832308.jpg,3494577,"{}",543,393,"{""name"":""circle"",""cx"":2159,""cy"":1737,""r"":43}","{""Class Label"":""1""}"
PXL_20240521_191832308.jpg,3494577,"{}",543,394,"{""name"":""circle"",""cx"":2063,""cy"":1771,""r"":41}","{""Class Label"":""0""}"
PXL_20240521_191832308.jpg,3494577,"{}",543,395,"{""name"":""circle"",""cx"":2239,""cy"":1799,""r"":42}","{""Class Label"":""1""}"
PXL_20240521_191832308.jpg,3494577,"{}",543,396,"{""name"":""circle"",""cx"":2140,""cy"":1835,""r"":43}","{""Class Label"":""0""}"
PXL_20240521_191832308.jpg,3494577,"{}",543,397,"{""name"":""circle"",""cx"":2044,""cy"":1868,""r"":42}","{""Class Label"":""""}"
PXL_20240521_191832308.jpg,3494577,"{}",543,398,"{""name"":""circle"",""cx"":2323,""cy"":1858,""r"":42}","{""Class Label"":""0""}"
PXL_20240521_191832308.jpg,3494577,"{}",543,399,"{""name"":""circle"",""cx"":2222,""cy"":1895,""r"":42}","{""Class Label"":""1""}"
PXL_20240521_191832308.jpg,3494577,"{}",543,400,"{""name"":""circle"",""cx"":2126,""cy"":1931,""r"":42.948}","{""Class Label"":""1""}"
PXL_20240521_191832308.jpg,3494577,"{}",543,401,"{""name"":""circle"",""cx"":2027,""cy"":1964,""r"":44}","{""Class Label"":""1""}"
PXL_20240521_191832308.jpg,3494577,"{}",543,402,"{""name"":""circle"",""cx"":2208,""cy"":1994,""r"":42}","{""Class Label"":""1""}"
PXL_20240521_191832308.jpg,3494577,"{}",543,403,"{""name"":""circle"",""cx"":2304,""cy"":1958,""r"":43.565}","{""Class Label"":""1""}"
PXL_20240521_191832308.jpg,3494577,"{}",543,404,"{""name"":""circle"",""cx"":2107,""cy"":2030,""r"":42}","{""Class Label"":""0""}"
PXL_20240521_191832308.jpg,3494577,"{}",543,405,"{""name"":""circle"",""cx"":2010,""cy"":2064,""r"":42}","{""Class Label"":""0""}"
PXL_20240521_191832308.jpg,3494577,"{}",543,406,"{""name"":""circle"",""cx"":2402,""cy"":1924,""r"":43}","{""Class Label"":""1""}"
PXL_20240521_191832308.jpg,3494577,"{}",543,407,"{""name"":""circle"",""cx"":2385,""cy"":2021,""r"":43}","{""Class Label"":""1""}"
PXL_20240521_191832308.jpg,3494577,"{}",543,408,"{""name"":""circle"",""cx"":2287,""cy"":2057,""r"":43}","{""Class Label"":""0""}"
PXL_20240521_191832308.jpg,3494577,"{}",543,409,"{""name"":""circle"",""cx"":2190,""cy"":2093,""r"":44}","{""Class Label"":""1""}"
PXL_20240521_191832308.jpg,3494577,"{}",543,410,"{""name"":""circle"",""cx"":2092,""cy"":2130,""r"":42}","{""Class Label"":""1""}"
PXL_20240521_191832308.jpg,3494577,"{}",543,411,"{""name"":""circle"",""cx"":2271,""cy"":2158,""r"":42}","{""Class Label"":""1""}"
PXL_20240521_191832308.jpg,3494577,"{}",543,412,"{""name"":""circle"",""cx"":2172,""cy"":2194,""r"":45}","{""Class Label"":""0""}"
PXL_20240521_191832308.jpg,3494577,"{}",543,413,"{""name"":""circle"",""cx"":2433,""cy"":2294,""r"":44.828}","{""Class Label"":""-""}"
PXL_20240521_191832308.jpg,3494577,"{}",543,414,"{""name"":""circle"",""cx"":1477,""cy"":2430,""r"":42}","{""Class Label"":""0""}"
PXL_20240521_191832308.jpg,3494577,"{}",543,415,"{""name"":""circle"",""cx"":1393,""cy"":2737,""r"":41}","{""Class Label"":""1""}"
PXL_20240521_191832308.jpg,3494577,"{}",543,416,"{""name"":""circle"",""cx"":1499,""cy"":2763,""r"":44}","{""Class Label"":""1""}"
PXL_20240521_191832308.jpg,3494577,"{}",543,417,"{""name"":""circle"",""cx"":1417,""cy"":2828,""r"":44}","{""Class Label"":""0""}"
PXL_20240521_191832308.jpg,3494577,"{}",543,418,"{""name"":""circle"",""cx"":1438,""cy"":2936,""r"":41}","{""Class Label"":""0""}"
PXL_20240521_191832308.jpg,3494577,"{}",543,419,"{""name"":""circle"",""cx"":1509,""cy"":2874,""r"":43}","{""Class Label"":""0""}"
PXL_20240521_191832308.jpg,3494577,"{}",543,420,"{""name"":""circle"",""cx"":1598,""cy"":2806,""r"":42}","{""Class Label"":""1""}"
PXL_20240521_191832308.jpg,3494577,"{}",543,421,"{""name"":""circle"",""cx"":1609,""cy"":2922,""r"":44}","{""Class Label"":""1""}"
PXL_20240521_191832308.jpg,3494577,"{}",543,422,"{""name"":""circle"",""cx"":1533,""cy"":2985,""r"":43.561}","{""Class Label"":""0""}"
PXL_20240521_191832308.jpg,3494577,"{}",543,423,"{""name"":""circle"",""cx"":1541,""cy"":3102,""r"":44}","{""Class Label"":""0""}"
PXL_20240521_191832308.jpg,3494577,"{}",543,424,"{""name"":""circle"",""cx"":1449,""cy"":3155,""r"":44}","{""Class Label"":""0""}"
PXL_20240521_191832308.jpg,3494577,"{}",543,425,"{""name"":""circle"",""cx"":1640,""cy"":3153,""r"":45}","{""Class Label"":""0""}"
PXL_20240521_191832308.jpg,3494577,"{}",543,426,"{""name"":""circle"",""cx"":1645,""cy"":3268,""r"":45}","{""Class Label"":""0""}"
PXL_20240521_191832308.jpg,3494577,"{}",543,427,"{""name"":""circle"",""cx"":1547,""cy"":3331,""r"":45}","{""Class Label"":""0""}"
PXL_20240521_191832308.jpg,3494577,"{}",543,428,"{""name"":""circle"",""cx"":1449,""cy"":3269,""r"":45}","{""Class Label"":""0""}"
PXL_20240521_191832308.jpg,3494577,"{}",543,429,"{""name"":""circle"",""cx"":1544,""cy"":3215,""r"":44}","{""Class Label"":""0""}"
PXL_20240521_191832308.jpg,3494577,"{}",543,430,"{""name"":""circle"",""cx"":1736,""cy"":3202,""r"":44}","{""Class Label"":""0""}"
PXL_20240521_191832308.jpg,3494577,"{}",543,431,"{""name"":""circle"",""cx"":1727,""cy"":3082,""r"":45}","{""Class Label"":""0""}"
PXL_20240521_191832308.jpg,3494577,"{}",543,432,"{""name"":""circle"",""cx"":1626,""cy"":3036,""r"":44}","{""Class Label"":""0""}"
PXL_20240521_191832308.jpg,3494577,"{}",543,433,"{""name"":""circle"",""cx"":1828,""cy"":3140,""r"":46}","{""Class Label"":""0""}"
PXL_20240521_191832308.jpg,3494577,"{}",543,434,"{""name"":""circle"",""cx"":1706,""cy"":2967,""r"":41}","{""Class Label"":""1""}"
PXL_20240521_191832308.jpg,3494577,"{}",543,435,"{""name"":""circle"",""cx"":1809,""cy"":3017,""r"":45}","{""Class Label"":""0""}"
PXL_20240521_191832308.jpg,3494577,"{}",543,436,"{""name"":""circle"",""cx"":1908,""cy"":3065,""r"":44.828}","{""Class Label"":""1""}"
PXL_20240521_191832308.jpg,3494577,"{}",543,437,"{""name"":""circle"",""cx"":2013,""cy"":3107,""r"":45}","{""Class Label"":""0""}"
PXL_20240521_191832308.jpg,3494577,"{}",543,438,"{""name"":""circle"",""cx"":1893,""cy"":2950,""r"":46}","{""Class Label"":""0""}"
PXL_20240521_191832308.jpg,3494577,"{}",543,439,"{""name"":""circle"",""cx"":1789,""cy"":2897,""r"":43}","{""Class Label"":""0""}"
PXL_20240521_191832308.jpg,3494577,"{}",543,440,"{""name"":""circle"",""cx"":1691,""cy"":2851,""r"":45}","{""Class Label"":""1""}"
PXL_20240521_191832308.jpg,3494577,"{}",543,441,"{""name"":""circle"",""cx"":1874,""cy"":2835,""r"":45}","{""Class Label"":""0""}"
PXL_20240521_191832308.jpg,3494577,"{}",543,442,"{""name"":""circle"",""cx"":1775,""cy"":2786,""r"":45}","{""Class Label"":""0""}"
PXL_20240521_191832308.jpg,3494577,"{}",543,443,"{""name"":""circle"",""cx"":1681,""cy"":2739,""r"":44}","{""Class Label"":""1""}"
PXL_20240521_191832308.jpg,3494577,"{}",543,444,"{""name"":""circle"",""cx"":1586,""cy"":2694,""r"":42}","{""Class Label"":""1""}"
PXL_20240521_191832308.jpg,3494577,"{}",543,445,"{""name"":""circle"",""cx"":1675,""cy"":2629,""r"":43}","{""Class Label"":""1""}"
PXL_20240521_191832308.jpg,3494577,"{}",543,446,"{""name"":""circle"",""cx"":1588,""cy"":2587,""r"":42}","{""Class Label"":""0""}"
PXL_20240521_191832308.jpg,3494577,"{}",543,447,"{""name"":""circle"",""cx"":1437,""cy"":2530,""r"":43}","{""Class Label"":""""}"
PXL_20240521_191832308.jpg,3494577,"{}",543,448,"{""name"":""circle"",""cx"":1540,""cy"":2501,""r"":42}","{""Class Label"":""1""}"
PXL_20240521_191832308.jpg,3494577,"{}",543,449,"{""name"":""circle"",""cx"":1658,""cy"":2490,""r"":43}","{""Class Label"":""1""}"
PXL_20240521_191832308.jpg,3494577,"{}",543,450,"{""name"":""circle"",""cx"":1584,""cy"":2408,""r"":40}","{""Class Label"":""1""}"
PXL_20240521_191832308.jpg,3494577,"{}",543,451,"{""name"":""circle"",""cx"":1684,""cy"":2383,""r"":42}","{""Class Label"":""1""}"
PXL_20240521_191832308.jpg,3494577,"{}",543,452,"{""name"":""circle"",""cx"":1763,""cy"":2445,""r"":45}","{""Class Label"":""1""}"
PXL_20240521_191832308.jpg,3494577,"{}",543,453,"{""name"":""circle"",""cx"":1611,""cy"":2307,""r"":42}","{""Class Label"":""1""}"
PXL_20240521_191832308.jpg,3494577,"{}",543,454,"{""name"":""circle"",""cx"":1710,""cy"":2278,""r"":42}","{""Class Label"":""1""}"
PXL_20240521_191832308.jpg,3494577,"{}",543,455,"{""name"":""circle"",""cx"":1784,""cy"":2344,""r"":42}","{""Class Label"":""0""}"
PXL_20240521_191832308.jpg,3494577,"{}",543,456,"{""name"":""circle"",""cx"":1802,""cy"":2242,""r"":42}","{""Class Label"":""1""}"
PXL_20240521_191832308.jpg,3494577,"{}",543,457,"{""name"":""circle"",""cx"":1898,""cy"":2202,""r"":41}","{""Class Label"":""1""}"
PXL_20240521_191832308.jpg,3494577,"{}",543,458,"{""name"":""circle"",""cx"":1879,""cy"":2302,""r"":41}","{""Class Label"":""0""}"
PXL_20240521_191832308.jpg,3494577,"{}",543,459,"{""name"":""circle"",""cx"":1860,""cy"":2406,""r"":43}","{""Class Label"":""0""}"
PXL_20240521_191832308.jpg,3494577,"{}",543,460,"{""name"":""circle"",""cx"":1848,""cy"":2508,""r"":42}","{""Class Label"":""0""}"
PXL_20240521_191832308.jpg,3494577,"{}",543,461,"{""name"":""circle"",""cx"":1749,""cy"":2552,""r"":41}","{""Class Label"":""0""}"
PXL_20240521_191832308.jpg,3494577,"{}",543,462,"{""name"":""circle"",""cx"":1766,""cy"":2671,""r"":43}","{""Class Label"":""0""}"
PXL_20240521_191832308.jpg,3494577,"{}",543,463,"{""name"":""circle"",""cx"":1849,""cy"":2612,""r"":42}","{""Class Label"":""1""}"
PXL_20240521_191832308.jpg,3494577,"{}",543,464,"{""name"":""circle"",""cx"":1859,""cy"":2723,""r"":44}","{""Class Label"":""0""}"
PXL_20240521_191832308.jpg,3494577,"{}",543,465,"{""name"":""circle"",""cx"":1941,""cy"":2665,""r"":42}","{""Class Label"":""1""}"
PXL_20240521_191832308.jpg,3494577,"{}",543,466,"{""name"":""circle"",""cx"":1936,""cy"":2562,""r"":40}","{""Class Label"":""0""}"
PXL_20240521_191832308.jpg,3494577,"{}",543,467,"{""name"":""circle"",""cx"":1940,""cy"":2462,""r"":41}","{""Class Label"":""1""}"
PXL_20240521_191832308.jpg,3494577,"{}",543,468,"{""name"":""circle"",""cx"":1956,""cy"":2363,""r"":41}","{""Class Label"":""1""}"
PXL_20240521_191832308.jpg,3494577,"{}",543,469,"{""name"":""circle"",""cx"":2028,""cy"":2521,""r"":42}","{""Class Label"":""0""}"
PXL_20240521_191832308.jpg,3494577,"{}",543,470,"{""name"":""circle"",""cx"":2045,""cy"":2426,""r"":43}","{""Class Label"":""1""}"
PXL_20240521_191832308.jpg,3494577,"{}",543,471,"{""name"":""circle"",""cx"":2059,""cy"":2327,""r"":42}","{""Class Label"":""1""}"
PXL_20240521_191832308.jpg,3494577,"{}",543,472,"{""name"":""circle"",""cx"":1977,""cy"":2262,""r"":42}","{""Class Label"":""1""}"
PXL_20240521_191832308.jpg,3494577,"{}",543,473,"{""name"":""circle"",""cx"":2075,""cy"":2226,""r"":42}","{""Class Label"":""1""}"
PXL_20240521_191832308.jpg,3494577,"{}",543,474,"{""name"":""circle"",""cx"":1992,""cy"":2163,""r"":42}","{""Class Label"":""0""}"
PXL_20240521_191832308.jpg,3494577,"{}",543,475,"{""name"":""circle"",""cx"":2158,""cy"":2294,""r"":42}","{""Class Label"":""1""}"
PXL_20240521_191832308.jpg,3494577,"{}",543,476,"{""name"":""circle"",""cx"":2142,""cy"":2396,""r"":42}","{""Class Label"":""1""}"
PXL_20240521_191832308.jpg,3494577,"{}",543,477,"{""name"":""circle"",""cx"":2129,""cy"":2501,""r"":43}","{""Class Label"":""1""}"
PXL_20240521_191832308.jpg,3494577,"{}",543,478,"{""name"":""circle"",""cx"":2033,""cy"":2616,""r"":44}","{""Class Label"":""1""}"
PXL_20240521_191832308.jpg,3494577,"{}",543,479,"{""name"":""circle"",""cx"":2038,""cy"":2713,""r"":43}","{""Class Label"":""1""}"
PXL_20240521_191832308.jpg,3494577,"{}",543,480,"{""name"":""circle"",""cx"":1958,""cy"":2773,""r"":44}","{""Class Label"":""1""}"
PXL_20240521_191832308.jpg,3494577,"{}",543,481,"{""name"":""circle"",""cx"":2139,""cy"":2732,""r"":44}","{""Class Label"":""0""}"
PXL_20240521_191832308.jpg,3494577,"{}",543,482,"{""name"":""circle"",""cx"":2062,""cy"":2816,""r"":43}","{""Class Label"":""0""}"
PXL_20240521_191832308.jpg,3494577,"{}",543,483,"{""name"":""circle"",""cx"":1978,""cy"":2882,""r"":42.948}","{""Class Label"":""1""}"
PXL_20240521_191832308.jpg,3494577,"{}",543,484,"{""name"":""circle"",""cx"":1995,""cy"":2997,""r"":43}","{""Class Label"":""1""}"
PXL_20240521_191832308.jpg,3494577,"{}",543,485,"{""name"":""circle"",""cx"":2078,""cy"":2926,""r"":43}","{""Class Label"":""1""}"
PXL_20240521_191832308.jpg,3494577,"{}",543,486,"{""name"":""circle"",""cx"":2098,""cy"":3032,""r"":45}","{""Class Label"":""0""}"
PXL_20240521_191832308.jpg,3494577,"{}",543,487,"{""name"":""circle"",""cx"":2177,""cy"":2964,""r"":44}","{""Class Label"":""0""}"
PXL_20240521_191832308.jpg,3494577,"{}",543,488,"{""name"":""circle"",""cx"":2158,""cy"":2854,""r"":46}","{""Class Label"":""0""}"
PXL_20240521_191832308.jpg,3494577,"{}",543,489,"{""name"":""circle"",""cx"":2262,""cy"":2898,""r"":43}","{""Class Label"":""0""}"
PXL_20240521_191832308.jpg,3494577,"{}",543,490,"{""name"":""circle"",""cx"":2244,""cy"":2785,""r"":43}","{""Class Label"":""0""}"
PXL_20240521_191832308.jpg,3494577,"{}",543,491,"{""name"":""circle"",""cx"":2337,""cy"":2726,""r"":44}","{""Class Label"":""0""}"
PXL_20240521_191832308.jpg,3494577,"{}",543,492,"{""name"":""circle"",""cx"":2234,""cy"":2673,""r"":43}","{""Class Label"":""1""}"
PXL_20240521_191832308.jpg,3494577,"{}",543,493,"{""name"":""circle"",""cx"":2134,""cy"":2620,""r"":43}","{""Class Label"":""1""}"
PXL_20240521_191832308.jpg,3494577,"{}",543,494,"{""name"":""circle"",""cx"":2327,""cy"":2622,""r"":41}","{""Class Label"":""0""}"
PXL_20240521_191832308.jpg,3494577,"{}",543,495,"{""name"":""circle"",""cx"":2351,""cy"":2835,""r"":42}","{""Class Label"":""0""}"
PXL_20240521_191832308.jpg,3494577,"{}",543,496,"{""name"":""circle"",""cx"":2448,""cy"":2763,""r"":41}","{""Class Label"":""0""}"
PXL_20240521_191832308.jpg,3494577,"{}",543,497,"{""name"":""circle"",""cx"":2540,""cy"":2683,""r"":41}","{""Class Label"":""0""}"
PXL_20240521_191832308.jpg,3494577,"{}",543,498,"{""name"":""circle"",""cx"":2432,""cy"":2648,""r"":42}","{""Class Label"":""0""}"
PXL_20240521_191832308.jpg,3494577,"{}",543,499,"{""name"":""circle"",""cx"":2323,""cy"":2518,""r"":41}","{""Class Label"":""0""}"
PXL_20240521_191832308.jpg,3494577,"{}",543,500,"{""name"":""circle"",""cx"":2224,""cy"":2566,""r"":42}","{""Class Label"":""1""}"
PXL_20240521_191832308.jpg,3494577,"{}",543,501,"{""name"":""circle"",""cx"":2227,""cy"":2462,""r"":42}","{""Class Label"":""""}"
PXL_20240521_191832308.jpg,3494577,"{}",543,502,"{""name"":""circle"",""cx"":2320,""cy"":2424,""r"":42}","{""Class Label"":""1""}"
PXL_20240521_191832308.jpg,3494577,"{}",543,503,"{""name"":""circle"",""cx"":2237,""cy"":2357,""r"":41}","{""Class Label"":""1""}"
PXL_20240521_191832308.jpg,3494577,"{}",543,504,"{""name"":""circle"",""cx"":2334,""cy"":2321,""r"":43}","{""Class Label"":""1""}"
PXL_20240521_191832308.jpg,3494577,"{}",543,505,"{""name"":""circle"",""cx"":2256,""cy"":2259,""r"":43}","{""Class Label"":""0""}"
PXL_20240521_191832308.jpg,3494577,"{}",543,506,"{""name"":""circle"",""cx"":2421,""cy"":2399,""r"":41}","{""Class Label"":""0""}"
PXL_20240521_191832308.jpg,3494577,"{}",543,507,"{""name"":""circle"",""cx"":2515,""cy"":2366,""r"":43}","{""Class Label"":""1""}"
PXL_20240521_191832308.jpg,3494577,"{}",543,508,"{""name"":""circle"",""cx"":2614,""cy"":2328,""r"":42}","{""Class Label"":""1""}"
PXL_20240521_191832308.jpg,3494577,"{}",543,509,"{""name"":""circle"",""cx"":2532,""cy"":2258,""r"":43}","{""Class Label"":""1""}"
PXL_20240521_191832308.jpg,3494577,"{}",543,510,"{""name"":""circle"",""cx"":2584,""cy"":2445,""r"":43.602}","{""Class Label"":""0""}"
PXL_20240521_191832308.jpg,3494577,"{}",543,511,"{""name"":""circle"",""cx"":2664,""cy"":2519,""r"":44}","{""Class Label"":""0""}"
PXL_20240521_191832308.jpg,3494577,"{}",543,512,"{""name"":""circle"",""cx"":2634,""cy"":2623,""r"":41}","{""Class Label"":""0""}"
PXL_20240521_191832308.jpg,3494577,"{}",543,513,"{""name"":""circle"",""cx"":2747,""cy"":2581,""r"":40}","{""Class Label"":""0""}"
PXL_20240521_191832308.jpg,3494577,"{}",543,514,"{""name"":""circle"",""cx"":2856,""cy"":2542,""r"":42}","{""Class Label"":""0""}"
PXL_20240521_191832308.jpg,3494577,"{}",543,515,"{""name"":""circle"",""cx"":2765,""cy"":2477,""r"":43}","{""Class Label"":""0""}"
PXL_20240521_191832308.jpg,3494577,"{}",543,516,"{""name"":""circle"",""cx"":2864,""cy"":2429,""r"":45}","{""Class Label"":""0""}"
PXL_20240521_191832308.jpg,3494577,"{}",543,517,"{""name"":""circle"",""cx"":2687,""cy"":2404,""r"":43}","{""Class Label"":""1""}"
PXL_20240521_191832308.jpg,3494577,"{}",543,518,"{""name"":""circle"",""cx"":2792,""cy"":2359,""r"":42}","{""Class Label"":""1""}"
PXL_20240521_191832308.jpg,3494577,"{}",543,519,"{""name"":""circle"",""cx"":2710,""cy"":2296,""r"":43.579}","{""Class Label"":""""}"
PXL_20240521_191832308.jpg,3494577,"{}",543,520,"{""name"":""circle"",""cx"":2629,""cy"":2222,""r"":41}","{""Class Label"":""0""}"
PXL_20240521_191832308.jpg,3494577,"{}",543,521,"{""name"":""circle"",""cx"":2349,""cy"":2227,""r"":43}","{""Class Label"":""0""}"
PXL_20240521_191832308.jpg,3494577,"{}",543,522,"{""name"":""circle"",""cx"":2368,""cy"":2124,""r"":41.04}","{""Class Label"":""1""}"
PXL_20240521_191832308.jpg,3494577,"{}",543,523,"{""name"":""circle"",""cx"":2468,""cy"":2090,""r"":44}","{""Class Label"":""0""}"
PXL_20240521_191832308.jpg,3494577,"{}",543,524,"{""name"":""circle"",""cx"":2450,""cy"":2191,""r"":41}","{""Class Label"":""1""}"
PXL_20240521_191832308.jpg,3494577,"{}",543,525,"{""name"":""circle"",""cx"":2548,""cy"":2154,""r"":44}","{""Class Label"":""1""}"
PXL_20240521_191832308.jpg,3494577,"{}",543,526,"{""name"":""circle"",""cx"":2648,""cy"":2117,""r"":42}","{""Class Label"":""0""}"
PXL_20240521_191832308.jpg,3494577,"{}",543,527,"{""name"":""circle"",""cx"":2744,""cy"":2085,""r"":41}","{""Class Label"":""1""}"
PXL_20240521_191832308.jpg,3494577,"{}",543,528,"{""name"":""circle"",""cx"":2730,""cy"":2185,""r"":42}","{""Class Label"":""1""}"
PXL_20240521_191832308.jpg,3494577,"{}",543,529,"{""name"":""circle"",""cx"":2563,""cy"":2054,""r"":43}","{""Class Label"":""1""}"
PXL_20240521_191832308.jpg,3494577,"{}",543,530,"{""name"":""circle"",""cx"":2485,""cy"":1988,""r"":43}","{""Class Label"":""0""}"
PXL_20240521_191832308.jpg,3494577,"{}",543,531,"{""name"":""circle"",""cx"":2581,""cy"":1953,""r"":42}","{""Class Label"":""0""}"
PXL_20240521_191832308.jpg,3494577,"{}",543,532,"{""name"":""circle"",""cx"":2499,""cy"":1888,""r"":42}","{""Class Label"":""1""}"
PXL_20240521_191832308.jpg,3494577,"{}",543,533,"{""name"":""circle"",""cx"":2663,""cy"":2017,""r"":44.841}","{""Class Label"":""1""}"
PXL_20240521_191832308.jpg,3494577,"{}",543,534,"{""name"":""circle"",""cx"":2760,""cy"":1983,""r"":43}","{""Class Label"":""1""}"
PXL_20240521_191832308.jpg,3494577,"{}",543,535,"{""name"":""circle"",""cx"":2937,""cy"":2008,""r"":42}","{""Class Label"":""1""}"
PXL_20240521_191832308.jpg,3494577,"{}",543,536,"{""name"":""circle"",""cx"":2840,""cy"":2052,""r"":44.841}","{""Class Label"":""1""}"
PXL_20240521_191832308.jpg,3494577,"{}",543,537,"{""name"":""circle"",""cx"":2923,""cy"":2107,""r"":41}","{""Class Label"":""0""}"
PXL_20240521_191832308.jpg,3494577,"{}",543,538,"{""name"":""circle"",""cx"":2835,""cy"":2155,""r"":45}","{""Class Label"":""1""}"
PXL_20240521_191832308.jpg,3494577,"{}",543,539,"{""name"":""circle"",""cx"":2953,""cy"":2208,""r"":42}","{""Class Label"":""0""}"
PXL_20240521_191832308.jpg,3494577,"{}",543,540,"{""name"":""circle"",""cx"":2807,""cy"":2255,""r"":42.948}","{""Class Label"":""0""}"
PXL_20240521_191832308.jpg,3494577,"{}",543,541,"{""name"":""circle"",""cx"":2896,""cy"":2302,""r"":43}","{""Class Label"":""0""}"
PXL_20240521_191832308.jpg,3494577,"{}",543,542,"{""name"":""circle"",""cx"":2023,""cy"":942,""r"":43.374}","{""Class Label"":""1""}"